JsA6x79ZLu,3,male,1989,2017-Mar-26 22:56:00
Gy6TaSbV8m,4,male,1975,2017-Mar-26 09:58:46
KAdBwZw0e6,1,male,1984,2017-Mar-26 19:28:20
9hyc4BF4l7,6,male,1973,2017-Mar-26 10:00:53
ePfqL4z12s,1,male,1988,2017-Mar-26 19:31:37
RwduhrN4Bi,2,male,1981,2017-Mar-26 09:03:28
B1LernC17d,3,male,1975,2017-Mar-26 10:05:20
5Uiijcxvvu,6,male,1960,2017-Mar-26 10:06:08
TO9fuXosuq,2,female,1940,2017-Mar-26 17:07:27
NVTRTsWROV,1,male,1967,2017-Mar-26 10:07:39
notj4aD17y,6,male,1992,2017-Mar-26 07:08:46
kB9UpNWSUb,1,male,1986,2017-Mar-26 10:09:54
lnHNE1gtUY,2,male,1985,2017-Mar-30 07:26:17
s4Pwmjg4fc,3,male,1983,2017-Mar-30 07:26:17
JX6mXZBVPp,3,female,1964,2017-Mar-30 07:26:20
FkQ8CQsC6G,2,male,1975,2017-Mar-30 07:26:26
Ziq2I2Zngx,3,male,1987,2017-Mar-30 07:26:29
bRpVYtBLMu,1,male,1985,2017-Mar-30 07:27:11
vQIBsb3md7,4,male,1991,2017-Mar-30 06:27:27
llzcDDrXab,3,male,1977,2017-Mar-30 16:57:24
dsHGay6d9N,1,male,1978,2017-Mar-30 07:27:28
HUQHarIZ7m,5,female,1982,2017-Mar-30 07:27:11
4jKHKYMrXi,5,male,1987,2017-Mar-30 04:27:34
cTf4la8gVs,3,male,1987,2017-Mar-30 07:25:16
Sf3NiTXJSK,4,female,1979,2017-Mar-30 06:30:02
9w9uyx6F89,3,female,1991,2017-Mar-30 07:27:47
HGFUIeHgYI,4,male,1987,2017-Mar-30 06:27:46
bXEtETU6Qt,4,male,1992,2017-Mar-30 16:57:52
yVLKMGLKZW,1,male,1983,2017-Mar-30 12:28:05
sDDDfadoVQ,3,male,1992,2017-Mar-30 16:57:47
XtYTJbr2Sv,2,male,1980,2017-Mar-30 07:28:26
09qZRZl3uS,3,female,1989,2017-Mar-30 16:58:27
JE269JxLCz,3,female,1991,2017-Mar-30 07:28:49
3PH81U1jiF,2,male,1989,2017-Mar-30 13:29:05
pZWzvDX1TG,5,female,1978,2017-Mar-30 06:29:02
BGKQbtnYow,1,male,1975,2017-Mar-30 06:29:10
QOZjnImJP7,3,male,1974,2017-Mar-30 16:59:06
Pajvead0Xy,2,male,1985,2017-Mar-30 19:29:30
aNnBYSyarx,3,female,1951,2017-Mar-30 07:29:29
0ZAL7dG9Fg,4,male,1973,2017-Mar-30 07:29:36
vgdYBs5pkv,2,female,1980,2017-Mar-30 16:59:26
k2CpdQBSGL,4,male,1978,2017-Mar-30 06:30:10
5x6sdj23ig,4,male,1987,2017-Mar-30 07:30:34
rXOMvcsRqT,4,female,1992,2017-Mar-30 17:00:23
mYbqqeWFXJ,4,male,1972,2017-Mar-30 05:30:35
ulRrqzvnAw,1,female,1973,2017-Mar-30 07:30:48
p2GpeymmlW,6,male,1962,2017-Mar-30 07:30:43
tQrEb1Ad1g,2,female,1990,2017-Mar-30 00:58:12
5oJo1DEpdM,1,male,1991,2017-Mar-30 20:31:19
mdstdMMcOv,6,female,1988,2017-Mar-30 06:31:21
7nKhz0ORz4,4,female,1981,2017-Mar-30 17:01:24
zpaKr1qZ0O,3,female,1982,2017-Mar-30 07:31:48
pNVAWgedoE,5,female,1986,2017-Mar-30 07:31:48
TNMmCQGbe0,5,male,1992,2017-Mar-30 17:01:37
RbdmVTToe7,1,male,1988,2017-Mar-30 06:34:25
c4lV9PS3Gr,1,male,1991,2017-Mar-30 07:34:30
eJI583n0Sz,2,female,1975,2017-Mar-30 07:35:49
dI9kZIGA2N,6,male,1991,2017-Mar-30 07:36:16
tQqH2vS4GM,3,male,1985,2017-Mar-30 07:37:34
nkTvcuqFRB,6,male,1974,2017-Mar-30 13:37:44
YjvhQaAoBN,5,female,1991,2017-Mar-30 06:38:10
rui3TNhjPt,3,male,1977,2017-Mar-30 13:38:29
7E0kGSwa5a,5,male,1989,2017-Mar-30 07:38:47
R9UOlQ5FOH,3,male,1987,2017-Mar-30 07:39:03
8cEfrzFVEc,1,male,1982,2017-Mar-30 07:40:19
5lPYedW8st,5,male,1991,2017-Mar-30 17:10:03
VteLl2y9Ss,2,male,1986,2017-Mar-30 06:41:37
BkLaq01YY2,6,female,1982,2017-Mar-30 07:41:50
7lbJocdhNX,4,female,1986,2017-Mar-30 07:43:16
hRVXmY95rn,3,female,1961,2017-Mar-30 06:43:01
YYTvOdGvMM,3,male,1985,2017-Mar-30 17:14:42
RgumN9REVx,3,male,1984,2017-Mar-30 06:50:24
nYajtsO6JC,3,male,1993,2017-Mar-30 06:51:05
6K0YDMyK5k,1,male,1986,2017-Mar-30 07:54:56
nkTUNxFiOI,3,male,1981,2017-Mar-30 07:55:26
CQdNXVgXFu,4,female,1984,2017-Mar-30 07:55:32
OReP2CYDiF,4,female,1984,2017-Mar-30 07:56:39
CmQIRCnBvc,2,female,1978,2017-Mar-30 07:56:51
kR7gdVOpJI,4,female,1997,2017-Mar-30 07:56:58
5kRY1oCw9k,3,male,1977,2017-Mar-30 06:57:17
J9FuWMLqcT,6,male,1970,2017-Mar-30 05:57:14
zqiDuygIMK,6,male,1984,2017-Mar-30 17:27:21
usc3GCOFOM,6,male,1963,2017-Mar-30 07:57:44
99VHS72Fgp,1,male,1980,2017-Mar-30 17:28:13
pivBfAgc1L,4,male,1980,2017-Mar-30 07:58:43
HDtT6JU0rA,1,male,1994,2017-Mar-30 07:59:00
c1IzkvOw7q,4,female,1968,2017-Mar-30 08:01:14
3cI1Fh0j3J,5,female,1986,2017-Mar-30 08:01:52
RRhf7QvlPH,3,,1989,2017-Mar-30 08:02:19
kLE16JggnZ,1,male,1989,2017-Mar-30 05:02:21
v0GdK04I4g,6,female,1976,2017-Mar-30 08:02:31
tRCHdZxG5z,4,female,1973,2017-Mar-30 08:02:32
FVVO4CGHMp,1,male,1985,2017-Mar-30 07:02:36
9sVUsQWkN8,4,male,1991,2017-Mar-30 07:02:52
e4MZYAmJaT,4,female,1980,2017-Mar-30 07:03:33
1FFcRzkxil,1,female,1986,2017-Mar-30 07:03:35
6eJ7zSaETp,5,male,1966,2017-Mar-30 05:02:22
fnhVUQNtJE,3,male,1989,2017-Mar-30 19:03:54
IVPY0Scoqq,5,male,1983,2017-Mar-30 17:35:38
B1R1aKhE2E,3,female,1987,2017-Mar-30 08:07:37
TtosKc0GFo,5,male,1982,2017-Mar-30 08:08:49
iSV6iEz1D6,3,female,1978,2017-Mar-30 08:15:14
BmOG5L87gp,2,male,1988,2017-Mar-30 07:15:25
9qtKuouUT9,4,male,1988,2017-Mar-30 08:15:35
x6aAYbgHGF,6,female,1982,2017-Mar-30 07:15:58
pJum0g9xhz,5,female,1996,2017-Mar-30 08:16:05
XohEJNcKa9,3,male,1955,2017-Mar-30 08:16:02
5CUF2qVslR,6,female,1984,2017-Mar-30 17:47:14
CB0New7m46,6,male,1994,2017-Mar-30 08:18:07
qUK5QQGJYO,2,male,1996,2017-Mar-30 08:18:18
hl6KjC1leU,3,male,1991,2017-Mar-30 08:18:19
MOB56VWwR0,6,female,1979,2017-Mar-30 08:19:26
DAV0PrzWoG,6,male,1975,2017-Mar-30 08:19:48
QgzGFI41wh,3,female,1982,2017-Mar-30 08:20:04
QoiOdEARtz,2,male,1994,2017-Mar-30 08:22:45
ieG6iYC9KH,3,male,1984,2017-Mar-30 15:22:10
QxwMH5wIOV,5,male,1984,2017-Mar-30 15:22:11
VccK4VZRg3,6,female,1973,2017-Mar-30 08:22:53
olefWbSIXU,1,female,1994,2017-Mar-30 08:22:51
6VGc1s5Ejt,4,female,1994,2017-Mar-30 08:23:19
3Rnnjcmqvx,6,female,1989,2017-Mar-30 08:24:44
8MWM8co0OB,2,male,1982,2017-Mar-30 08:25:53
tsGbS2KLFl,4,female,1983,2017-Mar-30 07:28:00
7nSMsAQpUn,5,male,1977,2017-Mar-30 08:31:31
7kcd9tHmee,6,female,1988,2017-Mar-30 08:34:06
dtryzZFZWm,6,male,1989,2017-Mar-30 18:05:55
TqaozuFzTV,2,male,1982,2017-Mar-30 05:42:34
5i7MAiU7Dy,3,female,1984,2017-Mar-30 07:50:43
6XUticc5Bd,4,male,1985,2017-Mar-30 09:03:28
eVX0CWDwox,4,male,1985,2017-Mar-30 08:03:40
lB2P4W8Sqt,3,male,1994,2017-Mar-30 09:03:43
q7d0WqMMWa,5,female,1978,2017-Mar-30 09:03:57
BT9o5f65O6,4,male,1986,2017-Mar-30 09:03:56
RStmWvxOcJ,3,female,1988,2017-Mar-30 17:03:59
eeC19odbnI,2,female,1992,2017-Mar-30 08:04:02
KTFeoceXB8,5,male,1980,2017-Mar-30 18:34:02
XyWmR6q7Vx,1,male,1991,2017-Mar-30 09:04:05
mQaLgs3gyG,5,male,1982,2017-Mar-30 09:04:09
Dp7iNS9g4Z,3,male,1961,2017-Mar-30 08:04:08
bYdJGCyfsd,3,male,1957,2017-Mar-30 09:03:52
vmekgPhS5C,5,female,1982,2017-Mar-30 18:34:13
FyfK6yLCVb,6,male,1984,2017-Mar-30 09:04:33
R2qjE14WxB,1,female,1976,2017-Mar-30 09:07:38
oot2bpAgwB,1,female,1989,2017-Mar-30 09:04:31
FYPmorOzEK,2,female,1988,2017-Mar-30 18:35:51
ADpfQ57gt8,4,male,1995,2017-Mar-30 18:34:35
s0afQNWIvg,3,female,1985,2017-Mar-30 08:05:03
0WFotFOd2y,2,male,1987,2017-Mar-30 09:05:14
9PxiYLmEYN,4,female,1965,2017-Mar-30 09:05:16
ajg5mhCRPM,6,male,1970,2017-Mar-30 09:05:17
KwwUzXRg1O,2,male,1975,2017-Mar-30 18:35:24
ORMV5QQDKg,1,,1986,2017-Mar-30 09:06:04
p0sPmhvM02,3,male,1972,2017-Mar-30 09:05:40
zQTbtf4A7w,1,male,1972,2017-Mar-30 07:05:44
inIJnFAJfZ,4,female,1960,2017-Mar-30 09:06:04
FS7RgmxhQk,3,male,1970,2017-Mar-30 21:06:08
3gHFla6Flv,5,female,1980,2017-Mar-30 09:06:13
iZkdyc4mHh,2,male,1985,2017-Mar-30 18:36:21
I6bpyEcbls,2,female,1978,2017-Mar-30 09:06:18
y8ReyEqOiA,3,male,1976,2017-Mar-30 09:06:22
nKXyKn9d8X,6,male,1980,2017-Mar-30 18:36:56
qzg1LUlcAe,3,male,1990,2017-Mar-30 06:06:56
2FaWOVtkYo,3,female,1994,2017-Mar-30 08:07:06
qTae4NBckS,4,female,1976,2017-Mar-30 05:54:24
SURdXkOErj,3,male,1987,2017-Mar-30 09:08:05
06Bh6mo6pz,1,male,1978,2017-Mar-30 09:07:59
7K96GlkNWg,6,male,1980,2017-Mar-30 18:37:49
IE2FTpF8Wk,4,female,1971,2017-Mar-30 06:08:28
EDpE5bw4Kr,4,female,1979,2017-Mar-30 09:08:45
oVUdfYAoNN,2,female,1982,2017-Mar-30 09:08:59
7WN70rNfXN,1,female,1985,2017-Mar-30 08:09:38
85f6VDYLhu,3,male,1971,2017-Mar-30 16:10:03
m9EmWGpGJN,4,male,1962,2017-Mar-30 08:10:51
K9qbP41kVB,3,female,1977,2017-Mar-30 08:12:02
ExhWpYQWjG,2,,1988,2017-Mar-30 06:12:16
Ln9SeZhj8n,1,female,1986,2017-Mar-30 18:45:34
oPcGbiPDF0,1,female,1979,2017-Mar-30 08:13:00
8oUKoq6lc8,4,female,1977,2017-Mar-30 09:12:29
3G64xTWtvQ,5,male,1990,2017-Mar-30 09:12:35
6gsoFURFdE,2,female,1965,2017-Mar-30 09:12:35
hzYHi20Na1,4,female,1991,2017-Mar-30 09:13:09
gMDssVzT2K,2,male,1984,2017-Mar-30 09:12:40
6GwG2GUpEw,4,male,1984,2017-Mar-30 09:12:39
cTxXPy166d,1,male,1988,2017-Mar-30 15:12:48
nCfMhvFWdn,2,male,1985,2017-Mar-30 09:13:01
1hXBs48FDa,3,female,1980,2017-Mar-30 18:43:05
UqqGOblRKB,5,female,1988,2017-Mar-30 18:43:29
4BiHumJrwN,4,female,1980,2017-Mar-30 08:13:42
bzPtZRTHLQ,3,female,1987,2017-Mar-30 18:43:49
MBYfrnjaiW,4,female,1966,2017-Mar-30 08:14:14
vdZ4ZSMJYj,5,female,1986,2017-Mar-30 18:49:51
r5sJMV2MnV,4,male,1991,2017-Mar-30 06:15:19
i45xMKu87c,2,,1979,2017-Mar-30 18:45:19
nre7RGIxJU,3,female,1972,2017-Mar-30 08:15:56
cTjZfBgqHl,3,male,1988,2017-Mar-30 09:17:18
4YMcguJoNd,2,female,1987,2017-Mar-30 10:17:54
Nw0yYwmId8,2,female,1989,2017-Mar-30 06:18:39
CICgNkwBX5,3,male,1982,2017-Mar-30 06:19:33
kBbBYy50vP,1,female,1983,2017-Mar-30 09:19:57
sy4pW1JB6x,2,female,1990,2017-Mar-30 18:49:53
J5xJlJzuST,6,male,1995,2017-Mar-30 08:20:56
65kjdQX7TR,4,male,1966,2017-Mar-30 09:21:16
xco2biFYOi,1,female,1962,2017-Mar-30 09:25:07
aIxF3S8ZxV,4,female,1976,2017-Mar-30 08:25:13
m3aEVdBM6t,3,male,1969,2017-Mar-30 09:25:57
IjHWO1dEX9,2,female,1984,2017-Mar-30 09:27:10
kcHgY8z2Mr,1,male,1990,2017-Mar-30 08:29:16
Hhr8aiNb5Z,5,female,1993,2017-Mar-30 19:01:57
M6MDVThEr7,1,male,1982,2017-Mar-30 08:32:05
68UPUqgXx5,6,male,1988,2017-Mar-30 06:32:23
rvama1QUSL,3,male,1972,2017-Mar-30 19:02:20
67pkvZmLzC,6,female,1966,2017-Mar-30 09:32:28
WZmnmjCFYF,3,female,1961,2017-Mar-30 08:32:40
XFhSYIWKaI,3,male,1978,2017-Mar-30 15:33:33
tVyIiM81X5,4,male,1958,2017-Mar-30 09:33:47
21HzhEvdSp,3,male,1989,2017-Mar-30 09:32:28
HrHiUqoVp2,4,male,1986,2017-Mar-30 09:34:09
gfqEFD6i54,1,male,1988,2017-Mar-30 08:35:05
xYKCERgzDg,3,male,1989,2017-Mar-30 09:36:05
TxZwVBtgN1,1,male,1977,2017-Mar-30 19:06:53
wJH3OS75iH,6,male,1990,2017-Mar-30 06:36:41
k78RC6dLQi,3,female,1976,2017-Mar-30 09:38:22
uLVCenWW8B,3,male,1993,2017-Mar-30 09:40:05
eoFMvc9EMn,4,male,1995,2017-Mar-30 06:43:31
iHDvo6FmYx,6,female,1982,2017-Mar-30 08:44:38
PzOMyVEfSW,2,female,1976,2017-Mar-30 08:47:42
4XDRw3Rctd,6,male,1972,2017-Mar-30 08:48:22
tgLcAhoT5g,2,male,1974,2017-Mar-30 08:48:17
fiQmpVBGUB,1,male,1988,2017-Mar-30 09:48:48
pnS3Y0TcC8,4,male,1989,2017-Mar-30 09:49:13
wMYzW6Q8AQ,4,female,1985,2017-Mar-30 08:49:08
Q0sVF7pd8K,1,female,1980,2017-Mar-30 19:19:19
ei5KeFvQ07,1,female,1976,2017-Mar-30 08:49:34
lDUHYRRaY5,1,male,1976,2017-Mar-30 16:50:08
PRYLqOrVjS,4,,1978,2017-Mar-30 08:49:47
mHzPC20JJZ,5,female,1956,2017-Mar-30 07:49:50
CR2NRKkmn4,3,female,1990,2017-Mar-30 19:20:00
5hSxjiVbPE,5,male,1986,2017-Mar-30 09:50:03
i9Lnb3Y3ag,5,male,1972,2017-Mar-30 08:50:03
fLyAXsiV1Q,2,male,1990,2017-Mar-30 09:50:30
BcjlLv5hdn,3,female,1985,2017-Mar-30 09:50:30
kXUM2WiEsr,6,,1983,2017-Mar-30 08:50:46
c08B826IDK,2,male,1951,2017-Mar-30 06:50:53
fU53pOcghR,4,female,1958,2017-Mar-30 08:50:55
9KBNZU4HyO,5,male,1987,2017-Mar-30 19:20:58
WEWHX7FVzk,5,female,1973,2017-Mar-30 08:51:23
QbGIRhNf3t,6,male,1992,2017-Mar-30 16:51:36
BDq3AS64JO,2,female,1989,2017-Mar-30 08:54:00
YHnHEQJjeJ,2,female,1953,2017-Mar-30 09:51:48
JR4dTWdrSv,5,male,1995,2017-Mar-30 09:51:58
pvFnl7yd2l,1,male,1985,2017-Mar-30 09:52:08
g6TnoOL4dU,1,male,1991,2017-Mar-30 14:52:47
ElnMGZsfLT,4,female,1973,2017-Mar-30 09:53:05
uxHOWvtwMF,4,female,1987,2017-Mar-30 08:54:20
Rkbhwo95q4,3,female,1984,2017-Mar-30 08:54:49
tH3Fy3ZdYz,1,male,1973,2017-Mar-30 09:55:11
OIqEn1ZaT6,2,male,1988,2017-Mar-30 08:55:48
6E8t7oEYN0,3,male,1976,2017-Mar-30 09:56:16
VippC1c3fe,6,female,1987,2017-Mar-30 09:56:25
fgtSHyUMjl,6,female,1978,2017-Mar-30 09:56:34
5TFSTI2frb,3,male,1953,2017-Mar-30 09:57:24
5NBGYfSkAZ,5,female,1986,2017-Mar-30 09:58:14
kGxZ7NUPqX,5,male,1961,2017-Mar-30 09:58:54
3rQ5KAdYnI,6,male,1972,2017-Mar-30 09:59:15
F0G5BgpXKB,5,male,1983,2017-Mar-30 10:00:25
YAbVA25foj,3,male,1998,2017-Mar-30 10:00:59
lkPU39VxS0,1,male,1984,2017-Mar-30 09:02:24
Z9VAf6yISR,3,male,1988,2017-Mar-30 10:02:32
1hkQzw6yGc,4,female,1975,2017-Mar-30 10:05:24
RMLfXhHZ2X,5,,1986,2017-Mar-30 10:05:54
puvN03JOPE,6,female,1988,2017-Mar-30 09:06:49
qx503Qufo6,6,female,1993,2017-Mar-30 10:10:16
WbCi6IO7fr,6,female,1989,2017-Mar-30 10:11:15
463ns3vg06,1,male,1986,2017-Mar-30 10:13:44
ulTk7aAgub,2,female,1991,2017-Mar-30 10:15:17
mpk8JDeyO4,4,male,1985,2017-Mar-30 10:15:30
bCOsLSi80W,1,male,1992,2017-Mar-30 09:16:47
asZmjKqUFT,4,male,1967,2017-Mar-30 10:15:27
lZQd5alFZ7,6,male,1971,2017-Mar-30 10:15:32
MDAzvzfejT,4,female,1980,2017-Mar-30 15:15:35
mTBCeMnciv,3,male,1960,2017-Mar-30 09:15:48
LrMmbgZGLQ,3,female,1989,2017-Mar-30 19:45:59
BcqnrbIKYx,2,male,1985,2017-Mar-30 10:16:05
lbrNIvGbgY,5,male,1986,2017-Mar-30 09:16:30
ZmJZ7U4qiC,4,female,1983,2017-Mar-30 10:16:38
ljcOXcs894,4,female,1972,2017-Mar-30 09:16:57
umsVpIOVMD,1,female,1990,2017-Mar-30 10:16:59
qktMqEu1z9,4,male,1988,2017-Mar-30 19:46:51
jGN9Fbc1eI,5,male,1980,2017-Mar-30 19:47:09
PqLX4eikiV,6,male,1990,2017-Mar-30 07:16:45
rFCbmYa9Ga,4,,1978,2017-Mar-30 10:17:21
8ONL4VJ5pf,3,female,1986,2017-Mar-30 10:17:38
EPuqcOhnsn,1,male,1984,2017-Mar-30 19:47:38
DybH5xv2WJ,1,male,1990,2017-Mar-30 10:17:23
k2I1shPQGN,5,female,1979,2017-Mar-30 07:18:03
eBQJIR1Bum,1,male,1980,2017-Mar-30 17:18:25
yLeS6IL4H2,6,male,1988,2017-Mar-30 10:18:28
ActZFeL3xe,3,male,1966,2017-Mar-30 10:18:46
kK2LMKaBSn,4,,1962,2017-Mar-30 09:17:24
39ULtJK6Qf,4,male,1977,2017-Mar-30 09:18:59
k0HBSpPRZi,1,male,1964,2017-Mar-30 10:19:59
rSsCwpIqnt,2,male,1992,2017-Mar-30 09:21:04
VTWAdZ2Rsr,1,male,1991,2017-Mar-30 10:19:42
cUAfTCnnx6,3,,1982,10:21:40-Mar-30 EDT
lQX6b1Kw9T,4,male,1977,2017-Mar-30 09:21:41
s8Ukea45LE,5,male,1995,2017-Mar-30 10:21:50
0z2B45fRNL,3,male,1993,2017-Mar-30 10:22:50
a1MSBfliOc,1,male,1987,2017-Mar-30 09:22:48
86M9Ys1o4b,4,male,1988,2017-Mar-30 07:22:50
nmDGjwdhea,2,female,1984,2017-Mar-30 10:22:58
ad1LXH2q4p,5,male,1979,2017-Mar-30 10:23:29
iFP2lmeu8E,6,female,1963,2017-Mar-30 10:24:21
61jz32Yw54,1,male,1982,2017-Mar-30 09:24:31
7o23vDgdNj,3,female,1968,2017-Mar-30 08:25:56
FhedBPG2Mu,1,female,1977,2017-Mar-30 10:34:11
b33lGywOAq,3,male,1991,2017-Mar-30 11:26:15
Vemk0dwW4g,3,female,1980,2017-Mar-30 09:27:02
Z2sVJMU6kY,6,male,1985,2017-Mar-30 09:34:30
tXhKMefTJY,5,female,1991,2017-Mar-30 10:32:53
iGrWkxCAB4,4,female,1981,2017-Mar-30 09:33:33
P4j75lQVW5,6,male,1979,2017-Mar-30 10:33:35
zZzfvCpTBE,6,male,1991,2017-Mar-30 22:34:31
NgzJDhRpze,6,female,1986,2017-Mar-30 10:34:50
nhKa50npTW,2,male,1991,2017-Mar-30 07:39:56
MZrRD1gTVr,6,male,1988,2017-Mar-30 10:42:12
cvWGv4l3Ol,6,male,1989,2017-Mar-30 10:43:12
PBk16OYoLR,2,male,1993,2017-Mar-30 09:44:04
MZOj0fuCmq,3,female,1970,2017-Mar-30 10:48:10
W2fI06kbyS,6,female,1981,2017-Mar-30 09:48:39
IFMwgmiR3D,4,male,1982,2017-Mar-30 09:52:36
AiZtEmKAIj,5,male,1989,2017-Mar-30 17:57:32
pNUXBo9Y0Q,3,male,1983,2017-Mar-30 10:57:38
5rDBaBtXXS,3,male,1983,2017-Mar-30 10:57:52
O8gq2WVeAn,3,female,1992,2017-Mar-30 10:57:38
cmkGlp6dKq,3,male,1968,2017-Mar-30 07:57:44
qf4KI549ce,1,male,1987,2017-Mar-30 09:57:57
lSflFMrHca,5,male,1976,2017-Mar-30 10:58:01
LnJrqOGxhu,3,female,1987,2017-Mar-30 10:58:32
gs9L55dm6d,6,male,1991,2017-Mar-30 10:59:07
9qnDelPeUO,2,female,1983,2017-Mar-30 10:59:17
bZWJ4mZHq2,5,female,1967,2017-Mar-30 08:00:22
a4kTgdGcel,4,male,1994,2017-Mar-30 08:00:19
XLiFbDJqqD,5,female,1968,2017-Mar-30 10:00:58
wDKnzjUzkT,5,female,1984,2017-Mar-30 08:01:10
G2hTC9YYI7,3,female,1991,2017-Mar-30 11:07:31
WYWASe0Ch5,6,female,1991,2017-Mar-30 09:07:43
fpb7MLM9mJ,2,male,1994,2017-Mar-30 11:08:03
VeXoUByfl7,5,female,1986,2017-Mar-30 08:15:31
XAaUnGpsw3,5,male,1988,2017-Mar-30 11:15:23
FjJpiiVcay,4,male,1993,2017-Mar-30 10:18:05
skz4656frR,1,male,1974,2017-Mar-30 11:18:40
f1ve7hFsJg,2,female,1974,2017-Mar-30 10:20:01
0f9PNmotZn,6,female,1978,2017-Mar-30 08:20:23
Gc9G47N4Eb,5,female,1986,2017-Mar-30 21:10:11
idKD39OyvQ,3,male,1992,2017-Mar-30 11:39:09
3pFeUEA7Rs,3,female,1981,2017-Mar-30 11:40:09
AxgSbs2Jv8,1,female,1964,2017-Mar-30 08:40:34
E2cYhEGH9O,2,female,1961,2017-Mar-30 11:40:50
LFTw67zmNP,3,male,1988,2017-Mar-30 11:41:24
rtAWRSqqJ0,6,male,1994,2017-Mar-30 11:42:02
GcJoFnUy1a,1,female,1991,2017-Mar-30 20:42:25
7i1zgts0af,5,male,1975,2017-Mar-30 10:42:49
FHaNDFT3Ly,6,male,1995,2017-Mar-30 08:43:58
L517tCnye8,1,,1988,2017-Mar-30 11:43:38
qTSJuNWsbg,4,female,1964,2017-Mar-30 11:43:45
BzXbpnT2ks,1,male,1989,2017-Mar-30 11:44:08
ijIHhdNWWS,4,male,1992,2017-Mar-30 11:45:53
qJsph4XQnW,1,female,1988,2017-Mar-30 10:47:47
JpJXZQkDGo,1,male,1982,2017-Mar-30 11:56:21
2w1CTZ6ds1,6,male,1988,2017-Mar-30 11:59:10
FZlyJBHa3h,3,female,1992,2017-Mar-30 12:01:18
uQo9B4CjEi,4,male,1995,2017-Mar-30 12:04:48
KoAqwVUw9q,4,,1972,2017-Mar-30 09:04:51
TIIJLsnEQg,4,female,1980,2017-Mar-30 12:05:27
l3ql8yd35R,5,,1968,2017-Mar-30 16:05:33
6l0mdJWKQb,5,male,1985,2017-Mar-30 17:05:35
BIiQw99Pf9,4,female,1979,2017-Mar-30 11:05:37
LogpCOL1rj,5,male,1951,2017-Mar-30 11:05:42
cxSme0opzS,5,female,1977,2017-Mar-30 21:25:26
4OHbWhoC2d,6,male,1981,2017-Mar-30 21:36:04
ltvD98LrFl,6,female,1963,2017-Mar-30 11:06:17
4nc9kVxCad,4,female,1975,2017-Mar-30 09:06:18
K1LlC7SDit,5,male,1975,2017-Mar-30 09:06:22
f5Cr0k2pWt,4,female,1971,2017-Mar-30 12:06:35
wakUdvRncF,5,male,1951,2017-Mar-30 12:06:56
Sc8mLVqYCZ,4,female,1989,2017-Mar-30 09:06:57
MIUzwtfpV0,6,male,1952,2017-Mar-30 11:07:05
EZYXnkSdNo,4,female,1989,2017-Mar-30 11:07:05
demPaDqIns,4,female,1987,2017-Mar-30 21:37:13
irrLfVv8cl,4,male,1990,2017-Mar-30 11:07:37
o52fZ9Xrtl,6,female,1964,2017-Mar-30 12:07:44
uyDOK2UfpG,5,male,1995,2017-Mar-30 11:07:53
ljvvrJmDIF,6,male,1953,2017-Mar-30 09:08:06
exZICsxgm7,4,male,1982,2017-Mar-30 21:37:04
5MPrnTGy6B,4,female,1980,2017-Mar-30 10:08:27
3V074B0wbm,6,female,1982,2017-Mar-30 21:38:23
yoZ00X7Bn3,5,male,1990,2017-Mar-30 12:08:24
pDFjkbmIUI,6,female,1991,2017-Mar-30 21:38:43
R9AKW6EJxI,5,female,1968,2017-Mar-30 10:08:49
2NGxcZApYN,5,male,1984,2017-Mar-30 21:38:51
YIoaXNjr6k,4,female,1981,2017-Mar-30 12:09:39
8g86FQ4JOY,4,female,1987,2017-Mar-30 10:09:53
8RLelozzmb,4,female,1956,2017-Mar-30 12:10:15
NRjOwOkg9K,6,male,1979,2017-Mar-30 21:41:01
E4rtGCemXi,6,female,1978,2017-Mar-30 09:11:09
QjnBQaVYLq,5,female,1982,2017-Mar-30 12:11:46
gS6xGzjLJV,4,male,1992,2017-Mar-30 19:11:27
0g0H0nnCZb,6,male,1986,2017-Mar-30 12:11:37
fgKd01gpb1,4,male,1980,2017-Mar-30 18:12:15
reovYi9xNp,4,male,1985,2017-Mar-30 12:12:15
a2F4ewkbpP,4,female,1984,2017-Mar-30 09:12:43
D8ExztDliw,6,male,1990,2017-Mar-30 09:12:47
3fRMhr4484,4,female,1977,2017-Mar-30 12:12:32
ZhqoZ6lgPZ,6,female,1954,2017-Mar-30 12:12:42
iJu5Zcquyh,4,,1988,2017-Mar-30 18:13:05
TMMqdQPodG,6,male,1981,2017-Mar-30 12:13:45
Qg715QVZcF,5,female,1974,2017-Mar-30 09:13:53
cevdVv3gRl,5,male,1992,2017-Mar-30 23:13:41
QMYJ0SYxu1,4,female,1983,2017-Mar-30 11:14:03
60IopN6H7o,5,male,1992,2017-Mar-30 21:42:56
Pyh8rO2Ltk,6,female,1965,2017-Mar-30 12:14:17
vxfFABsXmF,5,female,1981,2017-Mar-30 09:14:36
sXnYenEd20,4,male,1985,2017-Mar-30 12:15:26
W7kEhOglxj,6,female,1962,2017-Mar-30 12:15:45
goUEH2C9nH,6,male,1986,2017-Mar-30 10:16:52
UMphOggs2l,6,female,1973,2017-Mar-30 12:17:46
bo19n9cML3,6,male,1978,2017-Mar-30 11:17:59
Qrtwfmcz6h,5,,1983,2017-Mar-30 12:18:45
IANplp2ThX,4,male,1984,2017-Mar-30 12:19:56
xD5L4ROjmn,5,female,1986,2017-Mar-30 11:20:00
PI3hbDwPfb,5,female,1965,2017-Mar-30 10:19:44
cXnhBVwGGX,5,female,1980,2017-Mar-30 21:50:44
nbfszN8nkU,6,male,1983,2017-Mar-30 11:21:17
g22HOO6SwL,5,female,1984,2017-Mar-30 09:24:31
N89lTFzOpl,6,female,1971,2017-Mar-30 11:31:00
lVWrMJike2,4,male,1986,2017-Mar-30 09:32:36
LoS2phngk3,6,female,1983,2017-Mar-30 11:41:19
b7dFMZ5KR0,5,male,1989,2017-Mar-30 14:18:48
PUrtaWG8IJ,6,male,1978,2017-Mar-30 12:19:01
L4uviQYWLp,5,female,1975,2017-Mar-30 13:19:08
PRitv3pjkc,4,female,1952,2017-Mar-30 13:19:12
k3M60QQbse,6,female,1993,2017-Mar-30 18:19:20
KgYlC5LyL2,5,male,1982,2017-Mar-30 23:49:31
QOYeZlIpHl,4,male,1986,2017-Mar-30 23:49:35
TX7wRIIfl7,6,female,1989,2017-Mar-30 11:19:41
uNjWuOdKB0,6,female,1975,2017-Mar-30 14:20:02
zXIvdS1uPm,6,female,1963,2017-Mar-30 14:20:09
YF72HIZPAN,4,male,1993,2017-Mar-30 14:20:54
6Et3sa5TGV,4,male,1981,2017-Mar-30 13:21:03
3YF7UYJ9Af,6,female,1987,2017-Mar-30 14:23:00
0Oo7GZec6o,5,male,1993,2017-Mar-30 11:25:12
eNWr4sVtTQ,4,male,1981,2017-Mar-30 14:27:08
FQgZTGYqOQ,4,male,1979,2017-Mar-30 11:28:33
DrbyqQ98y2,5,male,1994,2017-Mar-30 23:59:45
RLYXvdLsGb,4,male,1979,2017-Mar-30 11:30:16
m2ERx6dG4k,6,male,1991,2017-Mar-30 13:31:18
DXDtogQoG5,5,male,1955,2017-Mar-30 13:31:35
fOnc49n4Jj,6,male,1971,2017-Mar-30 23:59:17
D4UDVOAkkQ,5,female,1964,2017-Mar-30 14:33:35
e86wLnLuMx,5,male,1985,2017-Mar-30 13:34:50
XFUMCNL82u,4,male,1987,2017-Mar-30 11:36:10
pc8Q6z5neK,6,male,1989,2017-Mar-30 13:37:49
RQeYnGAvGE,4,male,1963,2017-Mar-30 11:37:47
FAanld8q6I,4,female,1973,2017-Mar-30 14:40:25
zV5eGz35iK,6,female,1988,2017-Mar-30 14:41:53
11AVxflEgs,6,female,1987,2017-Mar-30 14:45:22
MK1cmTNAVf,5,female,1982,2017-Mar-30 14:44:34
hYfJMsdiK4,4,female,1989,2017-Mar-30 14:46:22
7eY76z8OKa,5,male,1994,2017-Mar-30 11:49:52
nIb2WZADNh,4,male,1979,2017-Mar-30 11:51:01
2V4VeTLD6H,5,female,1986,2017-Mar-30 22:53:15
MIn2PCBovY,6,female,1947,2017-Mar-30 14:55:51
fNiwr8JtEM,6,male,1984,2017-Mar-30 15:02:25
U6IRj91KzC,2,male,1974,2017-Mar-30 14:03:25
S5sLHBUlOP,1,male,1992,2017-Mar-30 14:04:33
ZHXRN0TLd4,2,female,1977,2017-Mar-30 15:03:58
Gh5Ww9IiRL,1,male,1990,2017-Mar-30 15:06:38
2HTbePYLEi,1,male,1977,2017-Mar-30 15:04:08
Xou9Mu4jm3,2,female,1976,2017-Mar-30 15:04:17
uVJpsSNw5a,1,male,1983,2017-Mar-30 12:04:18
R1pStMH9Mu,2,female,1987,2017-Mar-30 14:04:19
9rNMQEKnSf,2,,1963,2017-Mar-30 14:04:33
OvgOkJNoHQ,2,male,1985,2017-Mar-30 15:05:04
J2Pb1ffPKk,2,female,1984,2017-Mar-30 14:05:04
4eVZeg3b2q,1,female,1990,2017-Mar-30 15:05:10
ty74teNwOF,1,female,1962,2017-Mar-30 15:05:08
aQ5YCTBwwj,2,male,1989,2017-Mar-31 00:35:10
IPSmg33pqo,2,male,1993,2017-Mar-30 15:05:12
JvgsI3Y3sf,1,male,1984,2017-Mar-30 15:05:24
TV09zAwx62,2,female,1958,2017-Mar-30 12:05:45
gITbDtIaGj,1,female,1947,2017-Mar-30 13:05:05
Zl847gjMmg,2,female,1951,2017-Mar-30 15:09:31
a2lZIzRgKN,2,female,1982,2017-Mar-30 14:05:27
jd0XuzGjD9,1,male,1987,2017-Mar-30 14:06:09
g9xL0uQ8B0,1,male,1989,2017-Mar-30 12:06:14
oIo62kBgQ7,1,female,1963,2017-Mar-30 14:06:24
uTP3GpiljW,1,female,1965,2017-Mar-30 16:07:39
hm3SyOghDI,2,female,1962,2017-Mar-30 14:06:41
X843V4GMAN,2,,1950,2017-Mar-30 12:06:39
vj0rbwf0eI,2,,1977,2017-Mar-30 15:06:40
qUm4kf5PCR,2,female,1951,2017-Mar-30 12:06:56
22V9Uoye0r,1,female,1966,2017-Mar-30 15:07:05
6CBng0SUZl,2,female,1950,2017-Mar-30 15:08:19
mKI3vMg11o,2,female,1985,2017-Mar-30 15:07:13
3aaOKemdQy,2,,1956,15:07:18-Mar-30 EDT
TXaDXrUk2K,2,male,1985,2017-Mar-30 21:08:01
uUXLhQE96c,2,male,1994,2017-Mar-31 00:37:50
Ep0FFk8dei,1,female,1982,2017-Mar-30 15:09:35
QCCDwIIqFF,1,male,1987,2017-Mar-30 15:09:59
ucFJfLDOA5,1,,1974,2017-Mar-30 12:10:02
djjo4j1mjB,1,female,1992,2017-Mar-30 12:10:41
m93FjiJsWA,2,male,1981,2017-Mar-30 12:10:58
JGT5WFuQtp,2,male,1994,2017-Mar-30 13:12:10
7ULrE58kHn,1,female,1987,2017-Mar-31 00:42:16
aYaH6bWgNH,2,male,1952,2017-Mar-30 15:12:19
V6jf07td2d,1,male,1975,2017-Mar-31 00:42:30
fwgUjc4IZv,2,male,1991,2017-Mar-30 15:12:55
mWMG4IBiO6,1,male,1990,2017-Mar-30 15:13:53
RPHyCYb3gq,1,female,1989,2017-Mar-30 14:16:08
IlbIzyy1nQ,2,female,1986,2017-Mar-30 14:16:25
WqhkXF9kYK,1,female,1981,2017-Mar-30 13:17:36
KQPMCHrMIg,1,male,1988,2017-Mar-31 00:49:04
K7x2sZUAkp,1,female,1955,2017-Mar-30 15:20:02
wjUAw0vngB,2,female,1982,2017-Mar-30 15:21:28
F0cTl3wx11,2,male,1986,2017-Mar-30 12:27:24
lfOU6WfRVs,1,female,1992,2017-Mar-30 14:27:39
GZYAyYgLeL,1,female,1990,2017-Mar-30 14:27:55
72YHj5QBIg,1,female,1964,2017-Mar-30 13:28:34
hOx2ZbQcYw,2,male,1996,2017-Mar-30 15:30:01
z4jpJsXYNm,1,female,1984,2017-Mar-30 15:31:26
PbSZ5QjvCP,2,male,1956,2017-Mar-30 20:32:55
t18JfWUACY,1,male,1990,2017-Mar-30 12:34:48
MgsFRFk66X,1,male,1958,2017-Mar-30 15:36:39
Ax0aSSVXfE,1,male,1985,2017-Mar-30 15:46:50
5y04A0wySZ,2,female,1972,2017-Mar-30 13:47:33
SEBThCxfA6,2,male,1970,2017-Mar-30 15:47:35
ced5FuGDbf,2,female,1980,2017-Mar-30 12:47:42
RS8nCjv6oa,2,female,1996,2017-Mar-30 15:47:43
EuAwDdFM5W,2,male,1974,2017-Mar-30 12:47:38
SYCMSgTyzN,2,female,1981,2017-Mar-30 15:47:49
iHPKBowjOI,2,female,1967,2017-Mar-30 14:47:53
Jio04s7XLx,2,female,1989,2017-Mar-30 12:47:56
gShKOBRfyC,2,male,1979,2017-Mar-30 12:48:04
FJwzb1L5aI,2,male,1956,2017-Mar-30 15:48:17
qFGfLpTQ6C,2,male,1982,2017-Mar-30 14:48:50
ymzhAWOIeo,2,female,1988,2017-Mar-30 22:49:57
tCxT8xUkzH,2,female,1962,2017-Mar-30 12:50:07
e7lUnGsuGu,2,male,1986,2017-Mar-31 01:20:11
QIxA8tnT9p,2,male,1990,2017-Mar-31 01:20:19
vRyTvrClMN,2,female,1949,2017-Mar-30 15:52:22
w8Jz7Z15rK,2,male,1984,2017-Mar-30 14:55:22
4GVUDQ0ynr,2,male,1988,2017-Mar-30 14:56:19
AhEPGNSDIl,2,male,1957,2017-Mar-30 14:56:44
JT66021M0Q,2,male,1967,2017-Mar-30 12:58:24
ROlV9GRTYd,2,male,1992,2017-Mar-30 14:58:42
hHhQbBI5n0,2,male,1954,2017-Mar-30 16:02:53
RiwLwmAmcj,2,male,1971,2017-Mar-30 15:06:43
gLxpWFOpUZ,2,female,1960,2017-Mar-30 15:08:30
NOhX2Lfioi,2,male,1987,2017-Mar-30 13:15:56
cn5XU1p3Jb,5,female,1993,2017-Mar-30 16:21:02
JvtggLXgIU,5,male,1991,2017-Mar-31 01:51:33
1yVRgw5TA4,5,female,1953,2017-Mar-30 16:21:36
ARoq3uVCTj,5,male,1987,2017-Mar-30 15:22:18
HBvhffPDKK,5,male,1986,2017-Mar-30 15:22:36
x2nm2Z7mBE,5,,1980,2017-Mar-30 13:22:48
trPTjtYcPg,5,male,1971,2017-Mar-30 16:23:22
bLDFpEKYw4,5,female,1958,2017-Mar-30 15:23:31
vgSoHPcepd,5,male,1991,2017-Mar-30 13:23:30
tmATgrrWWa,5,male,1988,2017-Mar-30 13:24:36
2xKumb09mq,5,male,1981,2017-Mar-30 13:24:39
gUlqhmsqCD,5,male,1980,2017-Mar-30 15:24:43
EAtpTc959K,5,male,1989,2017-Mar-30 16:25:03
9T2UZPNKMQ,5,female,1992,2017-Mar-30 16:25:13
kzkzL6xdhF,5,male,1993,2017-Mar-30 16:25:36
5sG6Wn7opp,5,male,1989,2017-Mar-30 15:28:49
QewP5jxbFH,5,female,1980,2017-Mar-30 13:25:19
UtRYeph9lq,5,male,1992,2017-Mar-30 15:29:37
G75dkaJiiz,5,female,1984,2017-Mar-30 13:29:49
8C8JvZfKYA,5,male,1989,2017-Mar-30 13:31:15
6gOrsP94K4,5,female,1960,2017-Mar-30 16:31:26
kMOSVlIzZh,5,female,1954,2017-Mar-30 16:32:24
WH3Ix1BygB,5,female,1987,2017-Mar-30 16:33:33
iQTKYCsniL,5,male,1956,2017-Mar-30 16:34:52
nr8in92wNc,5,female,1992,2017-Mar-30 15:34:54
HtBPqZ1ZCh,5,male,1988,2017-Mar-30 16:36:54
hcnYbEG8SV,5,female,1975,2017-Mar-30 16:39:09
4gBqqbxbE5,5,female,1992,2017-Mar-30 16:39:24
GwNmVh21gq,5,female,1992,2017-Mar-30 16:42:47
3ZYvTZjGuo,5,female,1988,2017-Mar-30 16:44:11
3kpYL8wRTL,6,female,1970,2017-Mar-30 15:54:36
4pmNr0Dq1v,6,male,1995,2017-Mar-30 16:55:50
qf0mdsWmZ6,6,male,1972,2017-Mar-30 13:56:20
SA31yh6SYq,6,female,1981,2017-Mar-30 16:57:00
T6WUIZKg9j,6,male,1983,2017-Mar-30 23:57:47
hgnwuOML6b,6,male,1974,2017-Mar-30 13:57:54
TCCsf1BauL,6,female,1961,2017-Mar-30 16:00:38
gZlSso5S3s,6,female,1989,2017-Mar-30 15:58:22
t5EaJZDimk,6,male,1994,2017-Mar-30 16:58:50
koTDSZCFv8,6,male,1984,2017-Mar-30 16:59:42
A2zsH9bdZU,6,female,1994,2017-Mar-30 16:59:41
9vSqxjLzST,6,male,1984,2017-Mar-30 16:56:54
sRq2Ysbjop,6,male,1989,2017-Mar-30 16:59:54
LfXpdmQoez,6,male,1984,2017-Mar-30 16:59:57
CE1F7q5zMY,6,male,1995,2017-Mar-30 17:00:52
hQlxId1Ft5,6,male,1983,2017-Mar-30 17:00:58
RDgVfrUCU4,6,female,1985,2017-Mar-30 14:01:35
MMrNXI5KlD,6,female,1986,2017-Mar-30 17:01:56
wUuMfqMaXX,6,female,1966,2017-Mar-30 16:01:52
XhN2EjxH6e,6,male,1987,2017-Mar-30 17:04:08
nZK8J4vf2z,6,female,1994,2017-Mar-30 16:05:47
L2aG7gCHwg,6,female,1990,2017-Mar-30 14:07:10
eObQAyPBNj,6,male,1988,2017-Mar-30 17:07:51
FC9VsuFlga,6,male,1978,2017-Mar-30 11:12:05
WCaJAi6949,6,male,1991,2017-Mar-30 14:13:42
mgOhTEu9Gp,6,female,1980,2017-Mar-30 14:16:48
Du5jWXzH3A,6,female,1966,2017-Mar-30 16:19:49
7rI11iLN50,6,male,1993,2017-Mar-30 17:21:30
5WFURbyOXz,3,female,1985,2017-Mar-30 17:30:22
tsxQydvby8,3,female,1986,2017-Mar-30 16:30:38
1hftvAyjKN,3,male,1990,2017-Mar-31 00:31:02
VS268StNU6,3,female,1992,2017-Mar-30 16:31:23
OwhycvWVDN,3,,1986,2017-Mar-29 22:32:47
UmFO634gmH,3,,1977,2017-Mar-30 17:32:04
pFRrHZ9A5I,3,female,1989,2017-Mar-30 16:32:30
U7SU55B3Ik,3,male,1973,2017-Mar-30 16:32:46
hemb2wWC3j,3,female,1989,2017-Mar-30 17:33:38
dY2djh6QMy,6,male,1985,2017-Mar-30 15:33:40
Hv1FfZ6hs0,3,male,1957,2017-Mar-30 17:33:56
fMgd4Ch8Zf,3,female,1989,2017-Mar-30 17:34:00
JBhu6ynwjB,3,male,1986,2017-Mar-31 05:34:13
6HegeQRV9U,3,male,1993,2017-Mar-31 03:34:33
QItI2PymSh,3,female,1982,2017-Mar-30 14:34:48
vrbsA3svFV,3,female,1968,2017-Mar-30 14:36:02
vhRjH6lJqe,3,male,1973,2017-Mar-30 15:39:55
nCVvBjDmuH,3,male,1981,2017-Mar-30 17:42:33
29Rev245Ed,3,female,1950,2017-Mar-30 14:46:13
MmCB02a0vX,3,male,1987,2017-Mar-30 17:51:42
7QM1jD3PGC,3,male,1991,2017-Mar-30 16:54:28
ZDNaDrx9fG,3,female,1977,2017-Mar-30 15:01:01
1N5fc7zbRU,3,female,1989,2017-Mar-30 17:04:26
Y9mPcDc2Vy,3,male,1984,2017-Mar-30 16:08:38
I6JGCkr23q,3,male,1978,2017-Mar-30 18:09:26
gBzLnxlYGE,1,female,1992,2017-Mar-31 16:51:44
7g9df1TY6T,1,male,1992,2017-Mar-31 16:52:24
1jWfSGuL8J,1,female,1986,2017-Mar-31 06:22:44
EZL87xQpN7,1,female,1989,2017-Mar-31 14:23:35
GTo1Pfb1v5,1,male,1955,2017-Mar-31 05:23:59
4RdPNEYFU8,1,,1990,2017-Mar-31 16:54:06
156N4xjtDy,1,male,1987,2017-Mar-31 16:54:16
ZPtmU9Z30A,1,male,1985,2017-Mar-31 14:24:40
Zkm4of7spZ,1,female,1984,2017-Mar-31 07:25:39
y10XqyW3nm,1,male,1970,2017-Mar-31 20:25:40
23r5J02KZo,1,female,1985,2017-Mar-31 07:25:49
pFjyRndzCQ,1,male,1989,2017-Mar-31 16:56:43
eBTrGshPMn,1,male,1993,2017-Mar-31 16:58:27
n7hT24l8b3,1,female,1971,2017-Mar-31 16:59:36
8R1gnjNMfN,1,female,1991,2017-Mar-31 07:30:29
IN0GdyJuJQ,1,female,1985,2017-Mar-31 05:43:36
nmIZgMPq4S,1,male,1986,2017-Mar-31 15:43:46
gmmad2Mv0V,1,female,1980,2017-Mar-31 17:14:22
F49ejhvRaa,1,male,1987,2017-Mar-31 19:46:21
dmVea0hFCn,1,male,1993,2017-Mar-31 06:55:35
fLXNLhVWbK,2,female,1981,2017-Mar-31 17:35:21
JGv512Rbhr,2,male,1986,2017-Mar-31 08:05:20
Ob6dINNKT6,2,female,1972,2017-Mar-31 07:05:24
cS5kUShFUm,2,male,1982,2017-Mar-31 17:35:45
Xbb75uf3vS,2,female,1977,2017-Mar-31 07:05:56
BZKkgIkoBn,2,male,1984,2017-Mar-31 08:05:55
unebobxmH1,2,male,1989,2017-Mar-31 05:05:51
k7Y5qPU0Oe,2,female,1984,2017-Mar-31 07:07:17
MeYApvuzYQ,2,male,1971,2017-Mar-31 08:07:58
wzMZoSB53D,2,female,1960,2017-Mar-31 08:09:46
t5qfFH9gfB,2,male,1985,2017-Mar-31 17:39:43
8mgQev5MzN,2,male,1970,2017-Mar-31 05:10:28
m90UZJdsKm,2,male,1985,2017-Mar-31 17:40:25
sB5pNamzW1,2,male,1985,2017-Mar-31 17:45:48
4pYMPuU1i5,2,female,1964,2017-Mar-31 08:16:13
vV1BJhUhq4,2,male,1984,2017-Mar-31 07:16:34
nY6AvqrR5P,2,male,1949,2017-Mar-31 05:17:49
0JzGXoLxIE,2,male,1988,2017-Mar-31 08:24:23
8GtT394I9Q,4,male,1980,2017-Mar-31 05:44:39
eqmBKDglS3,4,male,1983,2017-Mar-31 08:49:42
p5FUvPe58J,4,male,1989,2017-Mar-31 08:51:45
TQikFgWsno,4,male,1971,2017-Mar-31 07:51:59
hXwFFHIPFO,5,male,1970,2017-Mar-31 08:52:06
TpkwEmr718,5,male,1966,2017-Mar-31 08:52:14
1sr8I1Yy0p,4,female,1976,2017-Mar-31 07:52:17
EIQ4Peefv9,4,female,1979,2017-Mar-31 08:52:40
QwkFRiZSk5,5,female,1991,2017-Mar-31 07:53:00
dtky4swKFR,5,male,1983,2017-Mar-31 14:52:55
yqjYyYdZkv,5,,1981,2017-Mar-31 08:53:33
mwiKxZCQKm,4,male,1955,2017-Mar-31 08:53:32
3BuxMgLv0O,4,,1975,2017-Mar-31 05:53:47
3v8usG3RZv,5,male,1992,2017-Mar-31 08:54:21
1ESI9ETJTg,5,male,1987,2017-Mar-31 18:24:30
PPfrrPLTOM,5,female,1970,2017-Mar-31 08:54:38
nj7sEXuOUe,5,male,1988,2017-Mar-31 07:55:01
W3kfDYzwx9,4,female,1987,2017-Mar-31 08:55:07
xkP43P5Ylm,4,female,1959,2017-Mar-31 07:55:29
ABQrxhUuFQ,5,male,1989,2017-Mar-31 08:55:49
gcAaCuUqxz,4,,1978,2017-Mar-31 08:55:59
ATs9kqvBXe,4,male,1971,2017-Mar-31 08:57:36
lW5dA8GsMV,5,female,1983,2017-Mar-31 08:59:24
iUIobZWeJZ,5,male,1956,2017-Mar-31 09:03:00
QgH01tmjy4,4,male,1976,2017-Mar-31 08:15:42
kbTaIv11Uo,5,male,1984,2017-Mar-31 08:15:44
yOXpesftrX,4,female,1972,2017-Mar-31 09:19:24
7HAYZEUXgU,4,female,1975,2017-Mar-31 09:24:19
e6iwy9eyux,4,female,1976,2017-Mar-31 09:27:07
TuBGUxoHJq,6,male,1996,2017-Mar-31 11:04:09
kWGxu5jsjv,6,female,1989,2017-Mar-31 11:07:53
sL0ZlLVppr,6,male,1986,2017-Mar-31 10:14:13
isWlxXLTSx,6,male,1962,2017-Mar-31 11:21:54
FNtbrDz7D4,6,male,1993,2017-Mar-31 11:25:08
0NeawbZ6Ky,4,male,1991,2017-Mar-31 10:37:11
b5JwddxJ7U,3,,1951,2017-Mar-31 08:37:10
C8cDEFBE4B,6,male,1990,2017-Mar-31 11:37:10
4H7joz3ezn,6,female,1967,2017-Mar-31 10:37:15
2bd8pzZVji,1,male,1964,2017-Mar-31 11:37:17
OvLXuMJErC,5,male,1971,2017-Mar-31 10:37:28
7hvnWctAbE,3,female,1980,2017-Mar-31 11:37:54
nJQolkvU7k,4,female,1982,2017-Mar-31 10:38:08
7JlfqrNXhE,6,female,1984,2017-Mar-31 10:38:28
cVeL6B1EFi,5,female,1993,2017-Mar-31 09:40:07
Y8I5MKUlmn,4,male,1977,2017-Mar-31 08:41:37
MG7VPnmf6p,5,male,1979,2017-Mar-31 08:40:24
RepdIoFqsb,2,female,1976,2017-Mar-31 08:42:00
j21epJah1q,2,,1961,2017-Mar-31 11:47:34
Y9yGVWcIJC,5,male,1991,2017-Mar-31 17:50:53
MXNqlGl8ug,2,male,1951,2017-Mar-31 17:52:04
HBuuG8AlQE,3,male,1992,2017-Mar-31 11:57:51
AyHON6q878,5,male,1991,2017-Mar-31 21:33:53
z6jwsPomSC,2,male,1991,2017-Mar-31 21:39:04
