,1,,2,,3,,4,,5,,6,,7,,8,,9,,10,,11,,12,,13,,14,,15,,16,,17,,18,,19,,20,,21,,22,,23,,24,,25,,26,,27,,28,,29,,30,
JsA6x79ZLu,lipstick  ,2,spider,2,bear,2,clock,2,zebra,1,baby crib,1,carriage,2,fan,2,"tiger, palm",2,bus,1,none,0,"speedometer, dashboard",1,fruit,2,"dog, elephant",3,footprint,1,ocean waves,0,"sink, bottle",1,"butterfly, grass",1,"boat, water",2,cactus,0,piano,2,"zebra, grass",2,"gun, rope",3,"violin, sunflower",3,"bananas, scuba diver",3,airplanes,2,kayaker,1,cello player,2,watches,2,dog ear,2
B1LernC17d,lipstick  ,2,spider,2,orangutan,2,watch,2,zebra,1,bench,1,stage coach,2,fan,2,tiger,2,bus,1,sheep,2,speedometer ,1,fruit,2,baby elephant,2,sandals,1,pelican,2,orange soda,1,butterfly,1,boat,2,small pot,2,piano,2,zebra,2,gun,2,flower,2,scuba diver,1,monkey,1,kayaker,1,violinist ,2,watches,2,wolf,2
s4Pwmjg4fc,lipstick  ,2,spider,2,gorilla,2,watch,2,zebra,1,bowl,2,horse & carrige,2,fan,2,tiger,2,phone booth,0,bull,2,speedometer,1,watermelon cantelop,2,elephant,2,sandals,1,lobster,2,pop drink,1,butterfly,1,none,0,bowl of jello,2,piano,2,zebra,2,gun revolver,2,daisy,2,scuba diver,1,walrus,0,boy in a canoe ,1,woman playing a chello,2,3 watches,2,cup of tea,1
JX6mXZBVPp,3 children  ,0,spider,2,lock,1,camera,2,zebra,1,chair,1,bike,2,fan,2,tiger,2,a person by the street,0,dog,2,lock,1,eggs,2,elephant with husks,2,shoes,1,"bird in water, swan maybe ",2,"bottle of drink, orange",1,butterfly,1,boat in water,2,cup,2,piano,2,zebra,2,gun with jewelry ,3,flower,2,person underwater,1,airplane,2,boat on water,1,violin or guitar,2,watch,2,dog,2
Ziq2I2Zngx,"lipstick
  ",2,spider,2,monkey,2,face,1,zebra,1,bench,1,floor,0,fan,2,tiger,2,bus,1,koala,2,meter,1,eggs,2,elephant,2,shoes,1,duck,2,bottle,1,butterfly,1,basketball hoop,0,bucket,2,toaster,1,zebra,2,gun,2,flower,2,scuba diver,1,airplane,2,water,0,violen,2,watch,2,plate,1
llzcDDrXab,  none,0,none,0,none,0,none,0,zebra,1,none,0,none,0,none,0,tiger,2,bus,1,none,0,clock,1,balls,2,elephant,2,shoes,1,none,0,none,0,none,0,none,0,none,0,printer,0,zebra,2,none,0,flower,2,none,0,none,0,none,0,musician,2,none,0,none,0
cTf4la8gVs,  Lipstick,2,Tarantula,2,Lock,1,Clock,2,Zebra,1,Chair,1,Bicycle,2,Fan,2,Tiger,2,Bus,1,Dog,2,Speedometer,1,Eggs,2,Elephant,2,Sandals,1,Crane,2,Bottle,1,"Butterfly
",1,Boat,2,Cup,2,Toaster,1,Zebra,2,Gun,2,Flowers,2,Woman,1,Chick,0,Boat,1,Cello,2,Watch,2,Cup,1
sDDDfadoVQ,  NATURE,0,NONE,0,MONKEY,2,NONE,0,ZEEBRA,1,"NONE
",0,NONE,0,NONE,0,TIGER,2,BUILDING,0,MONKEY,2,WALL CLOCK,1,NONE,0,NONE,0,"NONE
",0,NONE,0,NONE,0,BUTTERFLY,1,NONE,0,NONE,0,NONE,0,ZEEBRA,2,NONE,0,FLOWER,2,NONE,0,NONE,0,NONE,0,GUITAR,2,WATCH,2,NONE,0
JE269JxLCz,lipstick  ,2,spider,2,monkey,2,statue,0,an animal,1,chair,1,none,0,fan,2,tiger,2,bus,1,monkey,2,speed odometer,1,fruit in a bowl,2,monkey,0,a bug,2,a bird,2,a bottle,1,a butterfly,1,butterfly,0,a cup or a flowerpot,2,none,0,zebra,2,none,0,flowers,2,none,0,baby bird,0,a person; some water,1,a man and a violin,2,three watches,2,none,0
QOZjnImJP7,  AN ANIMAL OPEN MOUTH,1,SPIDER,2,"MONKEY, CLOCK",3,GIRL WITH HAT WITH CLOCK,3,ZEBRA,1,CHAIR,1,ROOM,0,TABLE FAN,2,TIGER,2,BUS,1,GOAT,2,CLOCK,1,LEMON,2,ELEPHANT,2,FACE,0,"WATER, DUCK",2,DRINK,1,BUTTERFLY,1,"WATER, BOAT",2,VESSEL,2,CANT SAY,0,ZEBRA,2,GUN,2,"FLOWER, VIOLIN",3,CANT SAY,0,MONKEY,1,"SAILOR, WATER",1,VIOLIN,2,WATCHES,2,CANT SAY,0
aNnBYSyarx,bullets  ,0,spider,2,bear,2,watch,2,zebra,1,chair,1,window,2,sphere,2,tiger,2,bus,1,koala bear,2,speedometer,1,lemons,2,elephant,2,sandals,1,pelican,2,soda bottle,1,butterfly,1,boat,2,pail,1,buckle,0,zebra,2,chain,1,flower daisy,2,,0,spider,0,boat,1,someone playing cello,2,watches,2,leaf,0
zpaKr1qZ0O,lipstick  ,2,spider,2,monkey,2,female,1,zebra,1,bench,1,none,0,fan,2,tiger,2,bus,1,dog,2,clock,1,lemon,2,dog,1,sandals,1,water,0,bottle,1,butterfly,1,person,2,cup,2,toaster,1,zebra,2,gun,2,flower,2,man,1,animal,1,person with oar,0,musical instrument,2,watches,2,cup,1
tQqH2vS4GM,  lipstick,2,spider,2,gorilla,2,stopwatch,2,zebra,1,bench,1,stagecoach,2,fan,2,tiger,2,bus,1,none,0,speedometer,1,eggs,2,elephant,2,sandals,1,boat,0,bottle,1,butterfly,1,boat,2,bucket,2,pencil sharpener,0,zebra,2,gun,2,flowers,2,scuba diver,1,plane,2,kayaker,1,violin,2,watches,2,sunnyside-up eggs,1
rui3TNhjPt,None  ,0,spider,2,gorilla,2,female face,1,zebra,1,chair,1,None,0,fan,2,tiger,2,bus,1,None,0,speedometer,1,lemon,2,elephant,2,None,0,None,0,bottle,1,butterfly,1,canoe,2,None,0,None,0,zebra,2,gun,2,violin,1,none,0,None,0,none,0,cello,2,wristwatch,2,None,0
R9UOlQ5FOH,Fish  ,0,"American flag, spider",3,"Monkey, lock. ",3,"Clock, person. ",3,Animals outside. ,1,Crib,1,Wagon,2,Fan,2,Tiger,2,Bus,1,Goat,2,Spedometer,1,Eggs,2,Wolf,1,Shoes,1,Pelican,2,Soda,1,Butterfly,1,Water,0,Bucket,2,Toaster,1,Zebra,2,Revolver,2,Flower,2,Banana,2,Planes,2,Canoe,1,Violin,2,Watch,2,Cup,1
hRVXmY95rn, lipstick,2,spider,2,ape,2,woman in hat,1,zebras,1,chair and table,1,none,2,fan,2,tiger,2,bus,1,none,0,clock,1,fruit,2,none,0,none,0,pelican,2,beer bottle ,1,butterfly,1,none,0,none,0,none,0,zebra,2,gun,2,flowers,2,none,0,none,0,boat on lake,1,none,0,watches,2,none,0
YYTvOdGvMM,none  ,0,ant,2,none,0,none,0,tiger,1,chair,1,tree,0,"metal
tyre",2,lion,2,bus,1,sheep,2,meter,1,egg,2,elephant,2,none,0,none,0,bottle,1,butterfly,1,boat,2,well,0,none,0,zebra,2,gun,2,none,0,none,0,"monkey
cross",1,street,0,none,0,watches,2,bread,0
RgumN9REVx,lipstick  ,2,"spider, american flag",3,"orangutan, wristwatch",3,"wristwatch, woman",3,zebra,1,bench,1,buggy,0,fan,2,tiger,2,"bus, stocking",3,dog,2,tachometer,1,lemons,2,elephant,2,sandals,1,flamingo,2,fanta,1,butterfly,1,water,0,bucket,2,piano,2,zebra,2,revolver,2,"daisy, guitar",3,"bananas, scuba diver",3,monkey,1,kayak,1,chello,2,three digital wristwatches,2,cup,1
nYajtsO6JC,dogs  ,1,spider,2,monkey,2,watch and some kind of picture or postcard of a woman,3,zebras,1,a crib,1,an old car,2,some kind of metal fan ,2,tiger,2,a bus and a red sock,3,a dog,2,a kangaroo and a speedometer,3,fruit,2,a dog and maybe an elephant,3,none,0,a bird and water,2,a spider and red soda,3,a butterfly,1,water,0,a bucket,2,a piano and a briefcase,3,a zebra,2,a gun and a necklace ,3,a flower and guitar,3,a scuba diver and a banana,3,a monkey,1,a bucket and a person on a kayak,3,a person playing violin,2,watches,2,a bowl,1
nkTUNxFiOI,lipstick  ,2,spider,2,ape,2,none,0,okapi,1,none,0,none,0,fan,2,tiger,2,bus,1,none,0,clock,1,eggs,2,dog,1,none,0,none,0,none,0,monarch butterfly,1,none,0,bowl,2,toaster,1,zebra,2,none,0,daisy,2,scuba diving,1,airplanes flying in formation,2,little boy blowing giant bubble,3,"playing cello, or other large stringed instrument",2,watches,2,none,0
5kRY1oCw9k,plants  ,0,spider,2,monkey and combination lock,3,lady and a pocket watch,3,zebra,1,crib,1,old car,2,fan and a car on the side,2,tiger,2,bus and a stocking,3,sheep,2,speedomiter and some kind of animal ,3,eggs,2,dog,1,sandals,1,water bird,2,spider and a soda bottle,3,butterfly,1,some kind of boat,2,bucket,2,toaster,1,zebra,2,gun and a necklace,3,flower and a guitar or violin,3,swimmer and a banana,3,planes and a bird,2,kayak ,1,stringed instrument,2,watches,2,cup or bowl,1
RRhf7QvlPH,lipstick  ,2,spider,2,bear and clock,3,clock and flower,2,zebra,1,chair,1,wagon,2,old time fan,2,tiger,2,bus,1,dog,2,spodemeter,1,lemons in a basket,2,elephant,2,sandles,1,duck in water,2,soda,1,butterfly,1,water,0,pale,1,piano,2,zebra,2,gun and nekalas,3,flower,2,cartoon,0,monkey,1,water person kiaack,1,person playing chello,2,watch,2,yellow ,0
fnhVUQNtJE,lipsticks  ,2,a spider ,2,a monkey,2,none,0,zebra horse,1,a fan ,0,a person in a car,2,none,0,a tiger,2,a bus,1,a black sheep ,2,none,0,none,0,a puppy,1,a pair of sandle ,1,None,0,a bottle,1,a butterfly,1,a man on a boat,2,an apple,1,two rectangular hole,1,a zebra,2,a gun,2,flowers,2,none,0,air planes ,2,people on a boat,1,a girl plays a music instrument,2,watches,2,a dog,2
B1R1aKhE2E,I could not tell.  ,0,spider,2,gorilla,2,table,0,zebra,1,chair,1,coach,2,not sure,0,Tiger,2,not sure,0,Dog,2,car dashboard,1,eggs,2,walrus,0,mittons,0,not sure,0,not sure,0,butterfly,1,horse,0,cup,2,not sure,0,zebra,2,gun,2,flower,2,elephant,0,monkey,1,rowboat,1,not sure,0,watch,2,cat,2
XohEJNcKa9,lipstick  ,2,spider,2,stop watch,1,compass and pirate,3,zebras ,1,chair,1,room with furniture,0,circular fan,2,close up zebra,0,bus,1,,0,speedometer,1,tropical fruit ,2,baby elephant,2,sandals,1,swimming pool edge,0,"sink

",1,scarf,0,row boat in water,2,a bucket with something black in it,2,a metal box,1,"zebra
",2,hand gun,2,flowers on a table,2,,0,an animal of some sort standing up,1,a person rowing in a boat,1,playing a violen,2,three watches,2,a flower?,0
hl6KjC1leU,  Lipstick,2,Spider,2,Orangutang,2,Woman,1,Zebra,1,Crib,1,Carriage ,2,Fan,2,Tiger,2,Sock,2,Dog,2,Speedometer,1,Lemons,2,Elephant,2,Sandals,1,Ocean,0,Soda,1,Butterfly,1,Boat,2,Lime,1,Toaster,1,Zebra,2,Gun,2,Sun flowers,2,Scuba diver,1,Monkey,1,Rafter,1,Cello,2,Watches,2,Coffee beans,0
QgzGFI41wh,lipstick  ,2,no idea,0,no idea,0,no idea,0,no idea,0,no idea,0,window/house,2,wheel?,2,tiger,2,no idea,0,no idea,0,no idea,0,no idea,0,no idea,0,no idea,0,no idea,0,no idea,0,no idea,0,no idea,0,coffee cup,2,no idea,0,zebra,2,no idea,0,no idea,0,hippo,0,plane,2,no idea,0,no idea,0,watches,2,no idea,0
ieG6iYC9KH, flowers,0,spider,2,monkey,2,a woman,1,zebras,1,chair,1,old horse car,2,fan,2,,0,bus,1,an animal?,2,,0,fruits,2,dog,1,none,0,some kind of bird,2,bottle,1,butterfly,1,none,0,water bowl,2,none,0,zebra,2,jewerly,1,plant,2,none,0,bird,0,water ski,1,violin,2,watches,2,none,0
5i7MAiU7Dy,lipstick  ,2,spider,2,"monkey, lock",3,"girl, compass",3,zebras,1,chair,1,wheel,2,circular object,2,tiger,2,bus,1,dog,2,speedometer,1,fruit,2,elephant,2,man,0,pelican,2,fish,0,butterfly,1,boat,2,cup,2,typewriter,0,zebras,2,gun,2,"flowers, guitar",3,scuba diver,1,monkey,1,paddle boat,1,cello,2,watches,2,sandwich,0
lB2P4W8Sqt,"  Lipstick
",2,spider,2,monkey,2,watch,2,zebra,1,bench,1,building,0,unknown,0,tiger,2,none,0,goat,2,speedometer,1,eggs,2,elephant,2,unknown,0,water,0,bottle,1,butterfly,1,water,0,cup,2,toaster,1,zebra,2,unknown,0,flower,2,scuba diver,1,airplanes,2,water,0,cello,2,watch,2,unknown,0
RStmWvxOcJ,lipstick  ,2,insect,2,gorilla,2,watch,2,zebra,1,chair,1,cart,2,fan,2,tiger,2,bus,1,bull,2,meter,1,fruits,2,elephant,2,slippers,1,swan,2,cold drink,1,bird,0,water,0,bucket,2,piano,2,zebra,2,necklace,1,flower,2,snake,0,monkey,1,boy,1,violin,2,wrist watch,2,coffee,1
bYdJGCyfsd,  bottles,0,spider,2,gorilla,2,compass,2,zebras,1,automobile grill,0,none,0,fan,2,tiger,2,bus,1,mandrill,2,compass,1,melons,2,elephant,2,none,0,swan,2,fire extinguisher,,butterfly,1,none,0,cooking pot,2,appliance,0,zebra,2,revolver,2,guitar,1,none,0,buoy,0,canoeist,1,cello,2,watches,2,paint can,1
s0afQNWIvg,  lipstick,2,spider,2,monkey,2,watch,2,zebras,1,bench,1,picture frames,0,fan,2,tiger,2,bus,1,alpaca,2,odometer,1,limes,2,elephant,2,sandals,1,balloons,1,soda,1,butterfly,1,rowboat,2,bucket,2,toaster,1,zebra,2,gun,2,flowers,2,scuba diver,1,monkey,1,lake,0,person playing the cello or bass,2,watches,2,cup with an egg in it,1
p0sPmhvM02,lipstick  ,2,spider,2,bear,2,watch,2,zebra,1,chair,1,carriage,2,fan,2,tiger,2,bus,1,dog,2,speedometer,1,lemons,2,elephant,2,footprints,1,pelican,2,bottle,1,butterfly,1,water,0,pail,1,piano,2,zebra,2,gun,2,flower,2,banana,2,monkey,1,kayak,1,violin,2,watch,2,fur,2
FS7RgmxhQk,Lipstick  ,2,Spider,2,Ape,2,None,0,Zebra,1,None,0,Cart,2,Electric Fan,2,Tiger,2,Bus,1,Lion,2,Coin,0,Bread,0,None,0,sandals,1,Bird,2,Soda Bottle,1,None,0,Man in a boat,2,bucket,2,Telephone,0,Zebra,2,None,0,Flower,2,None,0,Airplane,2,Fishing net,0,"person, cello",2,Watch,2,none,0
y8ReyEqOiA,none  ,0,spider,2,clock,1,clock,2,zebra,1,none,0,none,0,none,0,none,0,bus,1,panda,2,meter,1,none,0,none,0,none,0,none,0,none,0,leopard,2,none,0,cup,2,none,0,zebra,2,none,0,none,0,none,0,none,0,zebra,0,none,0,zebra,0,none,0
qzg1LUlcAe,none  ,0,none,0,monkey,2,none,0,ziraffe,1,Chair,1,painting,0,Fan,2,Tiger,2,Bus,1,Monkey,2,Speedometer,1,Fruits,2,Elephant,2,none,0,none,0,Bottle,1,none,0,Boat,2,Bowl,2,Bag,0,Ziraffe,2,Gun,2,Flower,2,none,0,Monkey,1,River,1,none,0,Watch,2,none,0
2FaWOVtkYo,  lipstick,2,spider,2,no idea,0,ring,2,zebra,1,crib,1,"wagon
",2,none,0,tiger,2,person,0,nothing,0,spedomidor,1,roles,0,dog,1,shoes,1,duck,2,pop,1,butterfly,1,person on a boat,2,bucket,2,no idea,0,zebra,2,gun,2,flower,2,nothing,0,plane,2,bucket,2,chello,2,watch,2,coffee,1
SURdXkOErj,lipstick  ,2,spider,2,monkey,2,woman,1,zebra,1,chair,1,wagon,2,wheel,2,tiger,2,bus,1,dog,2,speedometer,1,fruit,2,elephant,2,dog,0,bird,2,bottle,1,butterfly,1,boat,2,bucket,2,piano,2,zebra,2,gun,2,flower,2,man,1,monkey,1,man canoeing,1,violin,2,watches,2,cup,1
85f6VDYLhu,  hotdog,0,spider,2,monkey,2,watch,2,zebra,1,bench,1,none,0,fan,2,tiger,2,bus,1,lion,2,dial?,1,none,0,puppy,1,none,0,pelican,2,bottle,1,butterfly,1,insect,0,none,0,none,0,zebra,2,gun,2,daisy,2,monkey,0,monkey,1,human,1,cello,2,watches,2,none,0
K9qbP41kVB,  rabbit?,0,spider,2,some kind of ape,2,squirrel,0,zebra,1,none,0,none,0,fan,2,tiger,2,none,0,sheep,2,speedometer,1,none,0,none,0,none,0,none,0,bottle,1,butterfly,1,none,0,bucket?,2,toaster,1,zebra,2,none,0,flower,2,none,0,none,0,water,0,"cello, person playing cello",2,watches,2,none,0
1hXBs48FDa,none  ,0,none,0,none,0,none,0,zebra,1,none,0,none,0,none,0,tiger,2,none,0,none,0,none,0,none,0,none,0,none,0,none,0,none,0,none,0,none,0,none,0,none,0,zebra,2,none,0,tiger,0,none,0,none,0,none,0,none,0,none,0,none,0
bzPtZRTHLQ,+  ,0,tree branch,0,watch,1,"watch
",2,zebra,1,nothing,0,trees,0,nothing,0,tiger face,2,car,1,nothing,0,"nothing
",0,fruits,2,elephant,2,monkey,0,nothing,0,spider,2,butterfly,1,bats,0,nothing,0,nothing,0,nothing,0,none,0,flowers,2,butterfly,0,none,0,none,0,none,0,none,0,none,0
nre7RGIxJU,none  ,0,spider,2,"gorilla, lock",3,"person, clock",3,zebras,1,chair,1,fruit,0,fan,2,tiger,2,bus,1,sheep,2,odometer,1,fruit,2,elephant,2,shoes,1,animal,2,bottle,1,butterfly,1,person,2,bowl,2,toaster,1,zebra,2,gun,2,flowers,2,diver,1,monkey,1,person kayaking,1,celloist,2,watches,2,cup,1
cTjZfBgqHl,  Lipstick,2,American flag,1,Monkey with a camera,3,None,0,Zebras,1,White chair,1,Historic car,2,Something that started with the letters ZER,0,Tiger,2,Bus,1,Some sort of animal,2,Speedometer,1,Some sort of fruit or eggs,2,Animal,0,Shoes,1,Pelican or some other bird,2,Bottled drink,1,Butterfly,1,Water,0,Cup,2,Some sort of instrument,0,Zebra,2,Gun,2,Flowers,2,Scuba diver and maybe bananas,3,None,0,Raft,1,Musical instrument,2,Watch,2,None,0
CICgNkwBX5,  Lipsticks,2,Spider and American Flag,3,A bear,2,A woman and a watch,3,zebras,1,chair,1,carriage,2,fan,2,tiger,2,bus,1,mountain goat,2,odometer,1,grapefruit,2,boar,0,sandals,1,pelican,2,soda bottle,1,butterlfy,1,man,2,bowl,2,toaster,1,"zebra, rabbit",3,gun,2,flowers,2,scuba diver,1,jets,2,kayaker,1,celloist,2,watches,2,cup,1
m3aEVdBM6t,lipstick  ,2,spider,2,bear,2,goat,0,zebra,1,chair,1,giraffe,0,fan,2,tiger,2,bus,1,rhinoceros,2,weight to lift,1,lemons and limes,2,elephant,2,shoes,1,pelican,2,soda bottle,1,butterfly,1,plants in a lake,0,green cup,3,toaster,1,zebra,2,gun,2,sunflower,2,banana,2,duckling,1,person in canoe,1,cello and person playing cello,2,3 wristwatches,2,toasted bread,0
rvama1QUSL,one boy with red color dress  ,0,looking like spider or ant,2,chimpanzee,2,girl holding a big coin,3,zebra,1,hat,2,red carpet,0,table fan,2,tiger,2,bus,1,black dog,2,timer,1,balls,2,elephant,2,slippers,1,duck,2,red bag,0,butterfly,1,ship,2,bucket,2,some instrument,0,zebra,2,necklace,1,flowers,2,scuba diving,1,baby bird,0,person doing boating,1,violin ,2,watches,2,an animal,2
WZmnmjCFYF,  None,0,spider,2,monkey,2,none,0,zebra,1,crib,1,none,0,spider web,0,tiger,2,trolley,1,gorilla,2,clock,1,fruit,2,elephant,2,none,0,pelican,2,coke bottle,1,butterfly,1,none,0,cup,2,none,0,zebra,2,gun,2,flower,2,monkey,0,monkey,1,none,0,person playing cello,2,watches,2,none,0
XFhSYIWKaI,lipstick  ,2,spider,2,bear,2,statue,0,zebras,1,chair,1,none,0,baloon,0,tiger,2,bus,1,dog,2,"car counter plate
",1,melons,2,wolf,1,shoes,1,boat,0,none,0,butterfly,1,none,0,bowl,2,none,0,zebra,2,gun and chains,3,daisies,2,none,0,animal furry,1,kayak rowing,1,violin,2,watches -three,2,bird,0
21HzhEvdSp,  Bullets,0,spider,2,monkey,2,coin,2,zebra,1,crib,1,snake,0,fan,2,Tiger,2,Bus,1,none,0,watch,1,eggs,2,dog,1,sandals,1,nest,0,bottle,1,butterfly,1,bear,0,cup,2,toaster,1,zebra,2,gun,2,flower,2,banana,2,monkey,1,child,1,cello,2,watch,2,cheese,0
xYKCERgzDg,Lipstick  ,2,spider,2,gorilla,2,painting,0,zebra,1,chair,1,painting,0,,0,Tiger,2,Bus,1,Goat,2,Speedometer ,1,Eggs,2,,0,Sandals,1,Flys,0,Coke,1,Butterfly,1,Basket,0,Apple,1,Stapler,0,Zebra,2,Necklace,1,Flower,2,Elephant,0,Zebra,0,Kayak,1,Cello,2,Watch,2,Orange juice,1
k78RC6dLQi,None,0,mosquito,2,None,0,elf,1,zebras,1,chair,1,None,0,None,0,tiger,2,None,0,None,0,speedometer,1,fruit,2,None,0,wolf,0,None,0,soda,1,butterfly,1,None,0,None,0,None,0,zebra,2,None,0,daisy,2,None,0,None,0,kayak,1,violin,2,watches,2,None,0
uLVCenWW8B,grass,0,spider,2,chimp,2,cowboy hat,1,zebra,1,chair,1,carriage,2,fan,2,tiger,2,storefront,0,dog,2,padlock,1,fruit,2,elephant,2,shoes,1,chicken,2,bottle,1,butterfly,1,lake,2,bucket,2,stapler,0,zebra,2,gun,2,flower,2,diver,1,barbed wire,0,kayak,1,bass,2,watches,2,tea,1
CR2NRKkmn4,none  ,0,spider ,2,monkey,2,photographer ,3,zebra,1,none,0,green,0,"fan, circle",2,tiger,2,bus,1,monkey,2,speedometer ,1,vegetables,2,elephant ,2,shoes,1,bird,2,soda,1,butterfly,1,brown color ,0,green cup,3,belt ,0,zebra,2,lady ,1,white flowers,2,monkey,0,white animal,1,lady near water ,1,violin ,2,3 watches ,2,food in white plate,1
6E8t7oEYN0,lipstick  ,2,spider,2,gorilla ,2,clock,2,zebra,1,chair,1,house,0,electric fan,2,tiger,2,bus,1,dog,2,speedometer ,1,lemons,2,koala ,1,butterfly,0,pink flamingo ,2,bottle,1,butterfly,1,boat,2,cup,2,none,0,zebra,2,gun,2,daisy,2,scuba diver,1,bear,1,ocean,0,cello,2,watch,2,butterfly ,0
5TFSTI2frb,  lipstick,2,spider,2,gorilla,2,girl,1,zebra,1,chair,1,wagon,2,fan,2,tiger,2,sock,2,elephant,2,tachometer,1,oranges,2,mammoth,2,??,0,flamingo,2,coke bottle,1,butterfly,1,??,0,bucket and person,2,?,0,zebra,2,38 revolver,2,flowers,2,man in scuba gear,1,monkey,1,kayak ,1,women play violin ,2,3 watches,2,?? ,0
YAbVA25foj,fruit  ,0,Spider,2,Gorilla,2,Goat,0,Zebra,1,Crib,1,Car,2,Ferris wheel,2,Tiger,2,bus,1,dog,2,speedometer,1,melons,2,koala,1,shoe,1,swan,2,lobster,0,butterfly,1,moth,0,soup,2,toaster,1,zebra,2,gun,2,flower,2,scuba diver,1,seel,0,archer,0,guitar,2,watches,2,tea,1
Z9VAf6yISR,none  ,0,spider,2,monkey,2,clock,2,zebra,1,chair,1,"none
",0,fan,2,tiger,2,bus,1,animal,2,speedometer ,1,lemons,2,animal,0,flip flops,1,none,0,soda,1,butterfly,1,boat,2,bucket,2,toaster,1,zebra,2,gun,2,flower,2,monkey,0,plane,2,none,0,cello,2,watch,2,none,0
mTBCeMnciv,dogs  ,1,spider,2,pig,2,bike,0,zebra,1,chair,1,kitchen,0,wheel,2,tiger,2,bus,1,pig,2,speedometer,1,eggs,2,dog,1,none,0,water,0,bottle,1,butterfly,1,plant,0,pot,2,toaster,1,zebra,2,gun,2,daisies,2,man,1,spider,0,person,1,cello,2,watches,2,sandwhich,0
LrMmbgZGLQ,lipsticks  ,2,insect,2,gorilla,2,stopwatch,2,zebra,1,cradle,1,none,0,fan,2,tiger,2,bus,1,animal,2,Speedometer,1,balls,2,elephant,2,sandal,1,swimming pool,0,bottle,1,butterfly,1,none,0,bucket,2,handbag,0,zebra,2,pistol,2,flowers,2,ape,0,monkey,1,"boat
water",1,violen,2,watches,2,none,0
8ONL4VJ5pf,lipstick  ,2,spider,2,orangutan and padlock,3,compass and painting of a man,3,zebras,1,chair,1,coach,2,wheel,2,tiger,2,bus,1,dog,2,speedometer,1,basket of eggs,2,elephant,2,sandals,1,flamingo or pelican,2,fanta bottle,1,monarch butterfly,1,reflection in water,0,coffee cup,2,piano,2,zebra,2,pistol,2,daisy and stringed instrument,3,monkey underwater and banana,3,arboreal primate,1,person in a kayak,1,cellist,2,three watches,2,something fuzzy,2
ActZFeL3xe,Goats  ,0,spider,2,none,0,none,0,zebras,1,chair,1,elephant,0,large metal fan,2,tiger,2,bus,1,camel or sheep,2,odometer,1,tennis balls or fruit,2,cow dog,1,shoes,1,none,0,bottle,1,butterfly,1,man on a boat in the water,2,plant pot,2,typewriter,0,zebra,2,gun,2,flowers,2,dove,0,polar bear,1,man in the water,1,a person playing the violin,2,3 watches,2,sandwich on a plate,1
cUAfTCnnx6,"  Dog?
",1,spider,2,lock,1,watch,2,zebra,1,building,0,turtle,0,cylinder,2,tiger,2,bus,1,dog,2,watch,1,dog,0,wolf,1,shoes,1,seagull,2,bottle,1,butterfly,1,bat,0,cup,2,toaster,1,tiger,0,boat,0,flower,2,scuba,1,bird,0,boat,1,violin,2,watch,2,egg,1
7o23vDgdNj,baby  ,0,spider,2,baboon,2,clock,2,none,0,high chair,1,model T ford car,2,bingo roller ,0,tiger,2,stocking,2,sheep,2,clock,1,biscuits,0,elephant,2,sandals,1,lobster,2,orange soda,1,butterfly,1,,0,pail,1,toaster,1,zebra,2,none,0,daisy,2,diver,1,monkey,1,kayak ,1,,0,watches,2,egg muffin,1
b33lGywOAq,lipstick  ,2,spider,2,ape,2,woman,1,zebra,1,crib,1,old car,2,fan,2,tiger,2,stocking and bus,3,llama,2,speedometer,1,fruit basket,2,elephant,2,sandals,1,crane,2,fanta,1,butterfly,1,canoe,2,pot,2,piano,2,zebra,2,gun,2,violin and flower,3,diver,1,monkey,1,kayak,1,cello,2,watch,2,cup,1
Vemk0dwW4g,lipstick  ,2,american flag,1,"gorilla, watch",3,"watch, mad hatter",3,zebras,1,chair,1,none,0,fan,2,tiger,2,stocking,2,none,0,spedometer,1,fruit basket,2,warthog,2,sandals,1,none,0,orange drink,1,butterfly,1,none,0,bucket,2,toaster,1,zebras,2,none,0,"flowers, violin",3,banana,2,none,0,none,0,violin,2,none,0,drink,1
MZOj0fuCmq,  none,0,lipstick,0,monkey,2,woman,1,zebra,1,chair,1,car,2,fan,2,tiger,2,bus,1,dog,2,"kangaroo, speedomoter",3,egg,2,elephant,2,shoes,1,duck,2,orange soda,1,butterfly,1,basket,0,boat,0,toaster,1,chair,0,gun,2,"violin, flower",3,scuba diver,1,monkey,1,kayak,1,kayak,0,watches,2,dog,2
pNUXBo9Y0Q,  none,0,spider,2,ape,2,person,1,none,0,none,0,old fashioned car,2,none,0,tiger,2,bus,1,dog,2,speedometer,1,fruit,2,dog,1,none,0,pelican,2,bottle,1,butterfly,1,none,0,none,0,books,0,none,0,none,0,none,0,none,0,monkey,1,none,0,"violin, viola, or cello",2,none,0,animal,2
5rDBaBtXXS,  Lipstick,2,Spider,2,Orangutan and combination lock,3,A guy in a hat,1,Zebras,1,A crib,1,Carriage ,2,Fan,2,Tiger,2,A bus,1,A lamb,2,A speedometer ,1,lemons,2,A dog and elephant,3,Sandals,1,A pelican,2,Soda,1,Butterfly,1,Someone skiiing,2,A bowl,2,Toaster,1,Zebra,2,Gun and necklace,3,Flowers,2,Scuba diver,1,Monkey,1,Someone kayaking ,1,A violinist ,2,Watch,2,Bowl,1
O8gq2WVeAn,lipstick  ,2,spider,2,monkey,2,woman,1,zebras,1,cradle,1,carriage,2,"fan with the word ""zero"" in the middle",2,tiger,2,bus,1,dog,2,speedometer,1,lemons,2,dog,1,shoes,1,some sort of bird,2,some kind of orange drink,1,butterfly,1,boat,2,bowl,2,toaster,1,zebra,2,gun,2,"flowers, possibly a guitar?",3,scuba diver,1,something on water,0,little boy paddling canoe,1,person playing violin,2,watches,2,bowl filled with egg?,1
cmkGlp6dKq,lipstick  ,2,spider,2,bear,2,,0,brown colored zebra,1,wooden chair,1,wagon,2,metal fan,2,face of a lion,2,sock superimposed over a stree,3,gray ostrich,2,a clock,1,oranges,2,baby elephant,2,sandals,1,a bird - maybe a stork?,2,a bottle of soda,1,a butterfly,1,a man rowing a canoe,2,a pail of water,2,a tiny piano,2,a fat zebra,2,a gun and a metal chain,3,A white flower,2,a man in a old fashioned scuba gear,1,a baby bird,0,a man rowing a blue canoe,1,a giant violin,2,three watches,2,nothing,0
LnJrqOGxhu,  dog,1,spider,2,monkey,2,clock,2,zebra,1,chair,1,horse,0,fan,2,tiger,2,bus,1,sheep,2,dashboard,1,eggs,2,elephant,2,shoes,1,bird,2,soda,1,butterfly,1,glove,1,cup,2,piano,2,zebra,2,gun/jewelry,3,flower,2,scuba diver,1,monkey,1,canoe,1,cello,2,watch,2,fur,2
G2hTC9YYI7,children  ,0,None,0,Monkey,2,None,0,Zebra,1,Table,1,Elephant,0,Wheel,2,Tiger,2,Bus,1,Car,0,Clock,1,None,0,Dog,1,Shirt,0,None,0,Bottle,1,Butterfly,1,None,0,Cup,2,Toy,0,zebra,2,none,0,Flowers,2,Man,1,White animal,1,Boy,1,None,0,Watches,2,Cup of liquid,1
idKD39OyvQ,  flower,0,spider,2, bear,2,None,0,None,0,chair,1,None,0,fan,2,tiger,2,bus,1,None,0,clock,1,None,0,Rhino,2,man,0,none,0,bottle,1,butterfly,1,none,0,none,0,none,0,zebra,2,none,0,flower,2,scuba diver,1,none,0,none,0,none,0,none,0,none,0
3pFeUEA7Rs,none  ,0,spider,2,monkey,2,none,0,zebra,1,none,0,dinosaur,0,none,0,tiger,2,bus,1,monkey,2,none,0,eggs,2,elephant,2,shoes,1,flamingo,2,none,0,butterfly,1,person in a boat,2,bucket,2,piano,2,zebra,2,none,0,daisies,2,scuba diver,1,airplanes,2,none,0,cello and celloist,2,watches,2,none,0
LFTw67zmNP,  lipstick,2,flag,1,monkey with a timer,3,woman with a clock,3,zebra,1,bench,1,bicycle,2,fan,2,tiger,2,city bus,1,goat,2,spedometer,1,fruit basket,2,elephant,2,sandals,1,raft,1,soda (orange pop I think),1,butterfly,1,water,0,potted plant,2,piano,2,zebra,2,gun,2,tiger,0,scuba diver,1,monkey,1,kayaker,1,violin,2,watch,2,cup,1
FZlyJBHa3h,"lipstick
  ",2,spider,2,monkey,2,clock,2,zebra,1,none,0,none,0,fan,2,tiger,2,bus,1,dog,2,none,0,lemons,2,dog,1,shoes,1,flamengo ,2,glass bottle,1,butterfly,1,none,0,bucket,2,none,0,zebra,2,gun,2,flower,2,none,0,plane,2,canoe,1,cellio ,2,watch,2,none,0
5WFURbyOXz,lipstick  ,2,spider,2,monkey,2,painting,0,giraffe,1,chair,1,none,0,wheel,2,tiger,2,bus,1,gorilla,2,speedometer,1,fruit,2,warthog,2,shoes,1,none,0,beer bottle,1,butterfly,1,canoe,2,bucket,2,belt,0,none,0,gun,2,violin; flower,3,bread,0,lizard,1,person in kayak,1,person playing cello,2,three watches,2,none,0
tsxQydvby8,  pig,1,tarantula,2,none,0,person holding camera,3,zebras,1,furniture,1,carriage,2,none,0,tiger,2,bus,1,goat,2,speedometer,1,fruit,2,none,0,none,0,bird,2,bottle,1,butterfly,1,none,0,pot,2,toaster,1,none,0,none,0,flower,2,scuba diver,1,baboon,1,boat,1,cello,2,none,0,omelette,1
1hftvAyjKN,  lipstick,2,spider,2,none,0,watch,2,"zebra
",1,baby bed,1,"coach
",2,fan,2,"tiger
",2,bus,1,koala,2,dashboard,1,lemon,2,seal,0,"sandals
",1,bird,2,bottle,1,fish,0,none,0,cup,2,toaster,1,"zebra
",2,gun,2,camomile,2,"monkey
",1,monkey,1,"human, boat",1,violin,2,watch,2,none,0
VS268StNU6,  lipstick,2,"american flag and spider
",3,jewelry,1,woman wearing a cowboy hat and a clock,3,zebras,1,a bench,1,an old carriage,2,a fan,2,a tiger,2,a school bus and a stocking,3,a horse,2,a speedometer,1,lemons and limes,2,an elephant,2,sandals,1,a pelican,2,a spider and a bottle of soda,3,a butterfly,1,,0,a bucket,2,a toaster,1,a zebra,2,a gun and a pearl necklace,3,a violin and flowers,3,a diver and a banana,3,a beaver and airplanes,3,a cup and a kayaker,3,a violist,2,watches,2,a puppy and a bucket,3
OwhycvWVDN,  Dogs,1,Spider,2,Brown bear,2,Lizard,0,Zebra,1,Cot,1,Ovelayed picture,0,Fan,2,Tiger,2,Shops,0,Dog,2,Car dial,1,Melons,2,Baby elephant,2,Slippers,1,Flamingo,2,Cat,0,Butterfly,1,Windsurfer,2,Metal bucket,2,Settee,0,2 zebras,2,Pearl necklace,1,Big daises,2,Fat kid,1,Polar bear,1,Man fishing with a large net,0,Someone playing violin,2,Watches,2,Egg,1
UmFO634gmH,lipstick  ,2,spider,2,urangutan,2,wheel,2,zebra,1,high chair,1,none,0,electric fan,2,tiger,2,bus,1,animal,2,speedometer,1,none,0,elephant,2,slippers,1,billiard,1,beer,1,moth,1,boat,2,cup,2,typewriter,0,zebra,2,gun,2,flowers,2,none,0,monkey,1,kids,1,violinist,2,watch,2,none,0
U7SU55B3Ik,  lipstick,2,spider,2,orangutang,2,woman,1,zebras,1,wooden chair,1,wagon,2,fan,2,tiger,2,"sock, bus",3,poodle,2,speedometer,1,lemons,2,"puppy, walrus",0,sandals,1,flamingo,2,soda pop,1,butterfly,1,sail boat,2,bucket,2,piano,2,zebra,2,"gun, pearl necklace",3,"flowers, violin",3,"banana, scuba diver",3,monkey,1,kayak,1,violin,2,watches,2,coffee cup,1
hemb2wWC3j,dog  ,1,spider,2,monkey lock,3,girl watch,3,zebra,1,crib,1,wagon,2,globe,0,tiger,2,bus,1,goat,2,speedometer,1,lemons and limes,2,elephant,2,sandals,1,pelican,2,fanta,1,butterfly,1,boat,2,coffee mug,2,piano,2,zebra,2,revolver,2,daisy flower,2,scubadiver,1,bird,0,kayak,1,violincello,2,watches,2,none,0
Hv1FfZ6hs0,people  ,0,spider,2,monkey,2,none,0,zebras,1,none,0,chair,0,fan,2,tiger,2,bus,1,panther,2,odometer,1,lemons,2,bear,0,none,0,water,0,bottle,1,none,0,canoe,2,cup,2,videocamera,0,zebra,2,gun,2,flowers,2,drink,0,monkey,1,canoe,1,guitar,2,watch,2,none,0
fMgd4Ch8Zf,lipstick  ,2,spider,2,lock,1,,0,zebra,1,crib,1,model t ford,2,fan,2,tiger,2,bus,1,dog,2,speedometer,1,lemons,2,elephant,2,shoes,1,pool table,1,soda,1,butterfly,1,water,0,bowl,2,toaster,1,zebra,2,gun,2,daisy,2,someone swimming,1,monkey,1,person kayaking,1,person playing a cello,2,three watches,2,none,0
JBhu6ynwjB,none,0,spider,2,gorilla,2,face,1,zebra,1,crib,1,carriage,2,none,0,tiger,2,bus,1,goat,2,none,0,lemon,2,elephant,2,none,0,none,0,flavored juice,1,butterfly,1,none,0,none,0,none,0,zebra,2,gun,2,flower,2,scuba diver,1,spider,0,kayak,1,cello,2,wristwatch,2,none,0
6HegeQRV9U,Flower,0,butterfly,2,monkey,2,coin with queen victoria,3,zebra,1,car,0,home,0,park,0,tiger,2,man,0,cow,2,watch,1,egg,2,elephant,2,cat,0,swimming pull,0,bird,0,butterfly,1,small boat in river,2,water,0,bag,0,zibra,2,,0,flowers,2,monkey,0,monkey,1,small boat in river,1,violin,2,watch,2,No object,0
QItI2PymSh,Lipstick   ,2,Spider ,2,Lock,1,Clock,2,Zebra,1,Chair,1,Carriage,2,Wheel ,2,Tiger,2,Bus,1,Eyes,0,Speedometer ,1,Eggs,2,Rhino,2,,0,,0,Soft drink,1,Butterfly,1,,0,Cup,2,,0,Zebra,2,,0,Guitar and flower ,3,Ape,0,Monkey,1,,0,Cello,2,Watch ,2,,0
vrbsA3svFV,lipstick  ,2,none,0,combination lock,1,"wrist watch, painting",2,zebras,1,crib,1,carriage,2,fan,2,tiger,2,bus,1,lamb,2,spedometer,1,lemons,2,tusks,0,shoes,1,none,0,orange soda,1,butterfly,1,water,0,pail,1,piano,2,zebra,2,"gun, necklace",3,"daisy, needle",3,"banana, diver",3,monkey,1,"kayak, water",1,"violin, ruler",3,watches,2,mug,1
nCVvBjDmuH,  plants,0,spider,2,monkey,2,sailor,3,giraffe,1,cradle,1,wheels,2,fan,2,tiger,2,bus,1,sheep,2,tachometer,1,peach,2,elephant,2,shoes,1,boat,0,soda,1,butterfly,1,river,0,cup,2,stapler,0,zebra,2,gun,2,flower,2,reptile,0,toad,1,row,1,violin,2,watch,2,sponge,0
29Rev245Ed,  None,0,Tree,0,None,0,Watch,2,None,0,None,0,None,0,None,0,Tiger,2,None,0,None,0,Clock,1,Eggs,2,None,0,None,0,None,0,None,0,None,0,None,0,Green peas soup,3,None,0,Tiger,0,None,0,Flowers,2,None,0,None,0,None,0,None,0,Watches,2,None,0
MmCB02a0vX,lipstick  ,2,tarantula,2,clock,1,watch,2,zebra,1,chair,1,carriage,2,fan,2,tiger,2,sock,2,horse,2,speedometer,1,basket of lemons and a lime,2,wolf,1,sandals,1,flamingo,2,soda bottle,1,butterfly,1,water,0,bucket of green something,3,some kind of  machine,0,Zebra. With a rabbit overlaid as a watermark?,3,revolver,2,guitar and flowers,3,person?,1,platypus,1,woman canoeing,1,violin player,2,watches,2,none,0
ZDNaDrx9fG,lipstick  ,2,rib cage,0,monkey,2,animal,0,zebra,1,chair,1,living room,0,fan,2,tiger,2,bus,1,goat,2,car control table,1,lemons,2,koala,1,cave,0,albatros,2,bug,2,butterfly,1,water,0,coffee,2,book,0,zebra,2,scissors,0,flowers,2,insect,0,monkey,1,kayaker,1,a man,0,watch,2,cup,1
1N5fc7zbRU,lipstick  ,2,spider,2,chimpanzee,2,none,0,zebra,1,bed,1,none,0,fan,2,tiger,2,bus,1,none,0,car,1,lemon,2,elephant,2,none,0,flamingo,2,orange juice,1,butterfly,1,none,0,cup,2,toaster,1,zebra,2,gun,2,flower,2,human,1,monkey,1,river,1,human,0,watch,2,none,0
Y9mPcDc2Vy,  Horse,1,Tarantula,2,Ape and a lock,3,Woman with blue hair,1,Zebras,1,Bench,1,Carriage,2,Electric fan,2,Tiger,2,Bus,1,Goat,2,Watch or compass,1,Basket with lemons,2,Wolf,1,Sandals,1,Flamingo,2,Fanta in a glass bottle,1,Butterfly ,1,People in a canoe,2,Green apple,1,Radio,0,Zebra,2,Revolver pistol,2,Sunflower,2,Scuba diver,1,Jet fighters,2,Kid in a canoe,1,Woman playng cello,2,Watches in a row,2,Monkey and a lemon ,3
I6JGCkr23q,  pigs,0,fossil,0,ape,2,cat,0,zebra,1,chair,1,carriage ,2,fan,2,tiger,2,bus,1,monkey,2,meter,1,balls,2,koala ,1,fossil,0,water,0,bottle,1,butterfly,1,boat,2,cup,2,camera,0,zebra,2,jewelry ,1,flowers,2,person,1,monkey,1,person in boat,1,violin,2,watches,2,fur,2
b5JwddxJ7U,  bullets,0,spider,2,combination lock,1,compass,2,zebras,1,wooden chair,1,none,0,old fan with cobwebs,2,tigers face,2,bus,1,buffalo face,2,fuel gauge,1,none,0,elephants face,2,xray of lungs,0,painting of young girl,0,bottle of soda,1,butterfly,1,person rowing a boat in the shade,2,bucket of green solution,3,vice,0,zebra,2,gun,2,daisy flowers,2,none,0,cloud,0,person rowing kayak type boat,1,ruler,1,watches,2,fur covered drum,3
7hvnWctAbE,none  ,0,none,0,none,0,watch,2,zebra,1,none,0,none,0,circles,0,striped animal,2,building,0,dog,2,circle,0,eggs,2,elephant,2,blank,0,blank,0,smile,0,blank,0,hieroglyphics,0,coffee,2,machine,0,zebra,2,blank,0,daisy,2,blank,0,bug,0,blank,0,blank,0,blank,0,blank,0
